0.000094,-0.000039,1.045343,0.003279,0.007391,0.018988,0.999787,0.016427,0.005290,-0.020283,0.202934,-0.142631,-0.194901,0.017857,0.012986,0.182728,-0.168580,0.019523,-0.119575,1.653044,-0.033568,1.425941,0.131175,-1.583253,-0.108357,1.478102
-0.000174,0.000234,1.045092,0.003276,0.006906,0.018773,0.999795,0.017834,0.004892,-0.014757,0.190421,-0.139823,-0.218482,0.016488,0.018722,0.169438,-0.169505,0.021008,-0.139669,1.658005,-0.067010,1.421510,0.197719,-1.571516,-0.235663,1.425287
-0.000382,0.000349,1.045096,0.003494,0.007163,0.019163,0.999785,0.017412,0.004223,-0.014869,0.188116,-0.138234,-0.223852,0.015505,0.018717,0.167623,-0.168915,0.021093,-0.149083,1.661531,-0.095926,1.426333,0.247965,-1.555863,-0.360147,1.383961
-0.000637,0.000441,1.045142,0.003744,0.007488,0.019655,0.999772,0.016534,0.003496,-0.015818,0.187606,-0.137481,-0.225399,0.014840,0.017683,0.167684,-0.168710,0.020954,-0.154637,1.665100,-0.119869,1.431152,0.288010,-1.538551,-0.475249,1.346623
-0.000904,0.000527,1.045186,0.003978,0.007787,0.020169,0.999758,0.015606,0.002824,-0.016828,0.187389,-0.136937,-0.226334,0.014342,0.016599,0.167926,-0.168667,0.020771,-0.158513,1.668637,-0.139039,1.434921,0.320259,-1.521093,-0.577051,1.312475
-0.001158,0.000611,1.045225,0.004174,0.008061,0.020637,0.999746,0.014780,0.002255,-0.017759,0.187176,-0.136429,-0.227118,0.013967,0.015653,0.168051,-0.168664,0.020521,-0.161327,1.671921,-0.153985,1.437959,0.345243,-1.504837,-0.662707,1.282392
-0.001383,0.000697,1.045258,0.004327,0.008291,0.021006,0.999736,0.014137,0.001786,-0.018491,0.186882,-0.135939,-0.227761,0.013671,0.014920,0.168021,-0.168665,0.020184,-0.163290,1.674285,-0.165389,1.440364,0.363692,-1.491230,-0.730930,1.257434
-0.001576,0.000788,1.045284,0.004449,0.008454,0.021268,0.999728,0.013665,0.001378,-0.019001,0.186583,-0.135513,-0.228193,0.013406,0.014333,0.168041,-0.168676,0.019778,-0.165960,1.668358,-0.173918,1.439916,0.378821,-1.485062,-0.779909,1.240583
-0.001731,0.000876,1.045299,0.004558,0.008517,0.021414,0.999724,0.013396,0.000988,-0.019236,0.186342,-0.135202,-0.228395,0.013129,0.013896,0.168228,-0.168756,0.019320,-0.167344,1.669994,-0.180318,1.441336,0.387812,-1.477870,-0.814763,1.226500
-0.001841,0.000945,1.045298,0.004661,0.008485,0.021441,0.999723,0.013326,0.000641,-0.019208,0.186209,-0.135054,-0.228360,0.012848,0.013587,0.168603,-0.168941,0.018886,-0.167773,1.672036,-0.185416,1.443203,0.393057,-1.471898,-0.838947,1.215424
-0.001901,0.000983,1.045281,0.004734,0.008345,0.021338,0.999726,0.013465,0.000436,-0.018856,0.186139,-0.135067,-0.228159,0.012620,0.013554,0.168975,-0.169167,0.018539,-0.167865,1.673370,-0.189197,1.445037,0.396102,-1.467280,-0.854820,1.207381
-0.001915,0.000983,1.045249,0.004752,0.008117,0.021161,0.999732,0.013727,0.000432,-0.018283,0.186182,-0.135230,-0.227899,0.012508,0.013832,0.169242,-0.169379,0.018318,-0.167788,1.674203,-0.191984,1.446638,0.397898,-1.463824,-0.864761,1.202297
-0.001898,0.000936,1.045208,0.004744,0.007828,0.020972,0.999738,0.014015,0.000566,-0.017631,0.186401,-0.135518,-0.227579,0.012473,0.014355,0.169420,-0.169563,0.018208,-0.167677,1.674908,-0.194341,1.447969,0.398998,-1.461234,-0.870929,1.199724
-0.001863,0.000855,1.045165,0.004711,0.007521,0.020778,0.999745,0.014302,0.000774,-0.017012,0.186776,-0.135898,-0.227221,0.012506,0.014949,0.169614,-0.169707,0.018169,-0.167504,1.675769,-0.196465,1.449272,0.399785,-1.459261,-0.874612,1.198931
-0.001819,0.000738,1.045120,0.004666,0.007231,0.020583,0.999751,0.014576,0.001051,-0.016468,0.187202,-0.136300,-0.226863,0.012615,0.015513,0.169849,-0.169883,0.018151,-0.167067,1.676828,-0.198202,1.450652,0.400520,-1.457837,-0.876518,1.199260
-0.001774,0.000596,1.045076,0.004614,0.006992,0.020426,0.999756,0.014780,0.001369,-0.016048,0.187600,-0.136659,-0.226579,0.012793,0.015993,0.170082,-0.170111,0.018126,-0.166176,1.678102,-0.199549,1.451818,0.401399,-1.456836,-0.877525,1.200151
-0.001733,0.000439,1.045036,0.004564,0.006783,0.020339,0.999760,0.014916,0.001677,-0.015698,0.187940,-0.136952,-0.226404,0.012976,0.016435,0.170286,-0.170346,0.018087,-0.165046,1.679727,-0.200564,1.452216,0.402484,-1.456005,-0.878209,1.200836
-0.001704,0.000273,1.044999,0.004520,0.006544,0.020259,0.999763,0.015082,0.001993,-0.015259,0.188198,-0.137186,-0.226254,0.013162,0.016985,0.170362,-0.170518,0.018025,-0.163854,1.681742,-0.201112,1.451375,0.403415,-1.455311,-0.878088,1.200619
-0.001687,0.000111,1.044967,0.004477,0.006250,0.020066,0.999769,0.015487,0.002299,-0.014576,0.188247,-0.137347,-0.225988,0.013340,0.017682,0.170258,-0.170537,0.017926,-0.162625,1.683908,-0.200605,1.449450,0.403223,-1.454766,-0.876276,1.199282
-0.001684,-0.000033,1.044939,0.004450,0.005950,0.019709,0.999778,0.016122,0.002556,-0.013726,0.188100,-0.137458,-0.225495,0.013457,0.018378,0.170021,-0.170456,0.017835,-0.161487,1.685610,-0.198577,1.447042,0.401262,-1.454438,-0.872700,1.197522
-0.001698,-0.000158,1.044915,0.004444,0.005679,0.019323,0.999787,0.016750,0.002728,-0.012956,0.188001,-0.137586,-0.224920,0.013515,0.018941,0.169826,-0.170374,0.017864,-0.160846,1.686389,-0.195328,1.444829,0.398096,-1.454412,-0.868331,1.196202
-0.001749,-0.000274,1.044889,0.004479,0.005407,0.019022,0.999794,0.017152,0.002792,-0.012373,0.188145,-0.137756,-0.224403,0.013479,0.019294,0.169956,-0.170375,0.018060,-0.160883,1.686371,-0.191847,1.443072,0.394916,-1.454761,-0.864128,1.195672
-0.001843,-0.000389,1.044864,0.004520,0.005178,0.018856,0.999799,0.017352,0.002832,-0.012163,0.188577,-0.137929,-0.223997,0.013445,0.019374,0.170424,-0.170521,0.018334,-0.161501,1.686069,-0.188912,1.441606,0.392505,-1.455381,-0.860576,1.195772
-0.001973,-0.000511,1.044846,0.004559,0.005057,0.018858,0.999799,0.017425,0.002880,-0.012387,0.189105,-0.137994,-0.223779,0.013463,0.019167,0.171047,-0.170756,0.018577,-0.162520,1.685874,-0.186772,1.440297,0.391318,-1.456053,-0.857783,1.196312
-0.002123,-0.000643,1.044843,0.004613,0.005065,0.019103,0.999794,0.017217,0.002897,-0.012922,0.189458,-0.137854,-0.223911,0.013517,0.018768,0.171599,-0.170996,0.018786,-0.164099,1.685908,-0.185419,1.439110,0.391852,-1.456678,-0.855811,1.197330
-0.002283,-0.000777,1.044857,0.004689,0.005165,0.019509,0.999785,0.016647,0.002861,-0.013531,0.189462,-0.137478,-0.224358,0.013559,0.018340,0.171874,-0.171137,0.018944,-0.166032,1.686150,-0.184830,1.438220,0.394055,-1.457439,-0.854842,1.198678
-0.002438,-0.000906,1.044884,0.004787,0.005310,0.019932,0.999776,0.015889,0.002765,-0.014064,0.189168,-0.136948,-0.224967,0.013560,0.017969,0.171846,-0.171141,0.019000,-0.167832,1.686560,-0.184820,1.437732,0.397062,-1.458407,-0.855223,1.199941
-0.002579,-0.001025,1.044919,0.004901,0.005474,0.020277,0.999767,0.015205,0.002619,-0.014535,0.188772,-0.136379,-0.225571,0.013511,0.017621,0.171663,-0.171049,0.018900,-0.169136,1.687039,-0.185130,1.437579,0.399855,-1.459475,-0.856969,1.200723
-0.002694,-0.001143,1.044952,0.005008,0.005620,0.020576,0.999760,0.014692,0.002485,-0.014902,0.188354,-0.135840,-0.226148,0.013458,0.017372,0.171396,-0.170921,0.018666,-0.170150,1.687374,-0.185673,1.437618,0.402100,-1.460445,-0.859356,1.200916
-0.002773,-0.001266,1.044976,0.005078,0.005686,0.020867,0.999753,0.014341,0.002446,-0.015010,0.187890,-0.135364,-0.226738,0.013445,0.017420,0.170987,-0.170773,0.018375,-0.171213,1.687433,-0.186492,1.437757,0.404106,-1.461216,-0.861490,1.200620
-0.002819,-0.001400,1.044987,0.005127,0.005682,0.021147,0.999747,0.014042,0.002480,-0.014952,0.187523,-0.135006,-0.227317,0.013447,0.017627,0.170643,-0.170690,0.018095,-0.172394,1.687294,-0.187517,1.437883,0.406113,-1.461806,-0.863159,1.200086
-0.002837,-0.001550,1.044985,0.005160,0.005648,0.021378,0.999742,0.013666,0.002569,-0.014926,0.187495,-0.134863,-0.227788,0.013514,0.017722,0.170710,-0.170807,0.017860,-0.173521,1.687238,-0.188477,1.437901,0.407932,-1.462203,-0.864746,1.199555
-0.002836,-0.001716,1.044969,0.005151,0.005610,0.021534,0.999739,0.013219,0.002766,-0.015023,0.187821,-0.134942,-0.228123,0.013701,0.017638,0.171194,-0.171133,0.017674,-0.174283,1.687414,-0.189231,1.437860,0.409393,-1.462416,-0.866330,1.199112
-0.002813,-0.001901,1.044947,0.005098,0.005598,0.021659,0.999737,0.012787,0.003078,-0.015152,0.188161,-0.135086,-0.228342,0.013995,0.017540,0.171697,-0.171516,0.017532,-0.174567,1.687773,-0.189868,1.437889,0.410712,-1.462447,-0.867633,1.198780
-0.002772,-0.002116,1.044930,0.005006,0.005618,0.021804,0.999734,0.012383,0.003532,-0.015244,0.188266,-0.135144,-0.228588,0.014430,0.017610,0.171853,-0.171789,0.017439,-0.174427,1.688210,-0.190372,1.438040,0.412145,-1.462112,-0.868873,1.198574
-0.002720,-0.002348,1.044921,0.004844,0.005664,0.021935,0.999732,0.012052,0.004156,-0.015280,0.188094,-0.135069,-0.228939,0.015037,0.017835,0.171671,-0.171899,0.017382,-0.174195,1.688581,-0.190610,1.438074,0.413860,-1.461199,-0.870816,1.198373
-0.002658,-0.002593,1.044915,0.004617,0.005686,0.022006,0.999731,0.011936,0.004940,-0.015153,0.187776,-0.134927,-0.229229,0.015790,0.018214,0.171322,-0.171905,0.017323,-0.174286,1.688942,-0.190573,1.437684,0.415727,-1.459576,-0.873583,1.198034
-0.002589,-0.002844,1.044908,0.004350,0.005646,0.021986,0.999733,0.012129,0.005823,-0.014860,0.187450,-0.134790,-0.229335,0.016613,0.018748,0.170916,-0.171855,0.017238,-0.174467,1.689401,-0.190448,1.436983,0.416842,-1.457526,-0.875999,1.197452
-0.002502,-0.003097,1.044893,0.004092,0.005547,0.021849,0.999738,0.012541,0.006698,-0.014444,0.187282,-0.134800,-0.229236,0.017412,0.019401,0.170501,-0.171797,0.017117,-0.173975,1.690116,-0.190075,1.436088,0.416062,-1.455627,-0.876386,1.196737
-0.002398,-0.003339,1.044866,0.003850,0.005387,0.021548,0.999746,0.013067,0.007528,-0.013955,0.187379,-0.135029,-0.228859,0.018122,0.020110,0.170185,-0.171766,0.016953,-0.172572,1.691105,-0.188615,1.434470,0.413340,-1.454159,-0.874134,1.195997
-0.002281,-0.003564,1.044824,0.003622,0.005170,0.021179,0.999756,0.013602,0.008317,-0.013422,0.187771,-0.135483,-0.228334,0.018749,0.020858,0.169986,-0.171795,0.016854,-0.170703,1.692092,-0.185125,1.431475,0.409788,-1.453062,-0.870005,1.195201
-0.002168,-0.003773,1.044773,0.003407,0.004907,0.020917,0.999763,0.014021,0.009054,-0.012915,0.188370,-0.136062,-0.227913,0.019312,0.021617,0.169942,-0.171894,0.016959,-0.169180,1.692641,-0.179641,1.427083,0.406697,-1.452182,-0.865506,1.194499
-0.002079,-0.003967,1.044718,0.003217,0.004627,0.020795,0.999768,0.014262,0.009717,-0.012572,0.189171,-0.136660,-0.227672,0.019818,0.022293,0.170123,-0.172093,0.017219,-0.168396,1.692593,-0.173352,1.422299,0.404608,-1.451480,-0.862015,1.194296
-0.002016,-0.004144,1.044664,0.003063,0.004394,0.020777,0.999770,0.014334,0.010269,-0.012500,0.190104,-0.137211,-0.227547,0.020238,0.022756,0.170539,-0.172407,0.017464,-0.168186,1.692213,-0.167607,1.418440,0.403530,-1.451074,-0.859775,1.194962
-0.001973,-0.004290,1.044620,0.002951,0.004248,0.020845,0.999769,0.014224,0.010682,-0.012610,0.190895,-0.137627,-0.227555,0.020539,0.023022,0.170992,-0.172763,0.017592,-0.168202,1.691837,-0.163034,1.416160,0.403605,-1.451103,-0.858252,1.196330
-0.001945,-0.004400,1.044591,0.002884,0.004211,0.020983,0.999767,0.013969,0.010924,-0.012768,0.191267,-0.137817,-0.227742,0.020717,0.023139,0.171259,-0.173080,0.017615,-0.168227,1.691640,-0.159688,1.415149,0.404834,-1.451317,-0.857384,1.197711
-0.001934,-0.004475,1.044581,0.002836,0.004285,0.021198,0.999762,0.013654,0.011048,-0.012950,0.191158,-0.137747,-0.228124,0.020840,0.023131,0.171260,-0.173335,0.017597,-0.168157,1.691518,-0.156953,1.414806,0.407230,-1.451646,-0.858344,1.198480
-0.001945,-0.004518,1.044593,0.002807,0.004430,0.021395,0.999757,0.013439,0.011068,-0.013159,0.190780,-0.137507,-0.228526,0.020941,0.023014,0.171049,-0.173373,0.017553,-0.167826,1.691265,-0.153931,1.415007,0.410081,-1.451650,-0.862100,1.198345
-0.001973,-0.004538,1.044618,0.002790,0.004604,0.021469,0.999755,0.013437,0.011039,-0.013374,0.190315,-0.137204,-0.228761,0.021027,0.022827,0.170722,-0.173264,0.017451,-0.166943,1.690757,-0.150580,1.416152,0.412308,-1.450902,-0.868116,1.197462
-0.002011,-0.004542,1.044644,0.002779,0.004757,0.021390,0.999756,0.013622,0.011038,-0.013485,0.189817,-0.136914,-0.228722,0.021097,0.022659,0.170356,-0.173076,0.017277,-0.165162,1.690169,-0.147884,1.418392,0.413353,-1.449567,-0.874541,1.196202
-0.002051,-0.004532,1.044665,0.002772,0.004881,0.021203,0.999759,0.013930,0.011051,-0.013539,0.189414,-0.136704,-0.228493,0.021147,0.022473,0.170092,-0.172899,0.017064,-0.162653,1.689692,-0.146277,1.420971,0.413486,-1.448102,-0.879490,1.194939
-0.002097,-0.004507,1.044679,0.002772,0.004982,0.021000,0.999763,0.014278,0.011005,-0.013704,0.189340,-0.136657,-0.228147,0.021164,0.022156,0.170144,-0.172840,0.016870,-0.160012,1.689403,-0.145016,1.422715,0.413472,-1.446596,-0.882561,1.193801
-0.002151,-0.004472,1.044685,0.002774,0.005095,0.020885,0.999765,0.014503,0.010904,-0.014168,0.189722,-0.136791,-0.227846,0.021189,0.021644,0.170537,-0.172944,0.016732,-0.157938,1.689065,-0.143467,1.422844,0.414122,-1.445010,-0.884763,1.192990
-0.002214,-0.004439,1.044687,0.002775,0.005216,0.020968,0.999763,0.014406,0.010797,-0.014815,0.190301,-0.136978,-0.227827,0.021226,0.021106,0.171026,-0.173139,0.016679,-0.156660,1.688622,-0.141652,1.421766,0.415430,-1.443364,-0.886813,1.192640
-0.002283,-0.004409,1.044687,0.002776,0.005340,0.021225,0.999757,0.013984,0.010717,-0.015469,0.190767,-0.137097,-0.228115,0.021255,0.020668,0.171332,-0.173303,0.016692,-0.156049,1.687934,-0.139774,1.420210,0.417018,-1.441779,-0.888557,1.192671
-0.002368,-0.004381,1.044690,0.002777,0.005479,0.021553,0.999749,0.013384,0.010659,-0.016157,0.191155,-0.137169,-0.228506,0.021272,0.020222,0.171522,-0.173404,0.016717,-0.155868,1.687261,-0.138025,1.418782,0.418396,-1.440196,-0.889666,1.192705
-0.002471,-0.004352,1.044699,0.002781,0.005663,0.021824,0.999742,0.012818,0.010599,-0.016974,0.191603,-0.137212,-0.228796,0.021312,0.019553,0.171810,-0.173477,0.016711,-0.155800,1.686864,-0.136715,1.417634,0.419295,-1.438766,-0.890185,1.192609
-0.002589,-0.004321,1.044715,0.002788,0.005888,0.021984,0.999737,0.012411,0.010536,-0.017835,0.191984,-0.137214,-0.228830,0.021377,0.018735,0.172146,-0.173507,0.016659,-0.155678,1.686890,-0.135797,1.416669,0.419825,-1.437826,-0.890326,1.192564
-0.002711,-0.004288,1.044741,0.002797,0.006140,0.022003,0.999735,0.012217,0.010470,-0.018582,0.192093,-0.137135,-0.228626,0.021476,0.017936,0.172295,-0.173427,0.016569,-0.155445,1.687105,-0.134836,1.415913,0.420239,-1.437683,-0.890120,1.192616
-0.002832,-0.004261,1.044773,0.002808,0.006393,0.021884,0.999736,0.012230,0.010429,-0.019202,0.192042,-0.137008,-0.228328,0.021615,0.017241,0.172210,-0.173220,0.016462,-0.154973,1.687360,-0.133686,1.415514,0.420547,-1.438172,-0.889743,1.192437
-0.002952,-0.004241,1.044803,0.002817,0.006630,0.021691,0.999739,0.012395,0.010418,-0.019846,0.192149,-0.136959,-0.227935,0.021777,0.016580,0.172139,-0.173005,0.016350,-0.154301,1.687688,-0.132550,1.415332,0.420782,-1.438939,-0.889706,1.191745
-0.003073,-0.004227,1.044829,0.002818,0.006859,0.021535,0.999741,0.012589,0.010389,-0.020625,0.192514,-0.136976,-0.227547,0.021962,0.015852,0.172292,-0.172902,0.016259,-0.153651,1.688051,-0.131497,1.414963,0.420971,-1.439553,-0.890355,1.190545
-0.003198,-0.004220,1.044850,0.002809,0.007081,0.021474,0.999740,0.012695,0.010359,-0.021485,0.192982,-0.137015,-0.227265,0.022151,0.015060,0.172665,-0.172940,0.016193,-0.153306,1.688201,-0.130291,1.414061,0.421123,-1.439761,-0.891620,1.189004
-0.003327,-0.004225,1.044867,0.002789,0.007311,0.021485,0.999739,0.012685,0.010373,-0.022381,0.193421,-0.137019,-0.227117,0.022353,0.014204,0.173180,-0.173075,0.016126,-0.153357,1.687892,-0.128868,1.412601,0.421144,-1.439438,-0.893137,1.187164
-0.003456,-0.004241,1.044884,0.002756,0.007572,0.021551,0.999735,0.012578,0.010453,-0.023332,0.193786,-0.136933,-0.227088,0.022582,0.013289,0.173740,-0.173263,0.016044,-0.153735,1.686940,-0.127218,1.410720,0.420688,-1.438559,-0.894413,1.185054
-0.003586,-0.004268,1.044905,0.002731,0.007873,0.021650,0.999731,0.012438,0.010550,-0.024322,0.194043,-0.136755,-0.227150,0.022820,0.012335,0.174231,-0.173445,0.015954,-0.154250,1.685174,-0.125293,1.408557,0.419711,-1.437131,-0.895118,1.182681
-0.003715,-0.004298,1.044930,0.002690,0.008205,0.021777,0.999726,0.012187,0.010697,-0.025344,0.194245,-0.136531,-0.227286,0.023106,0.011431,0.174504,-0.173549,0.015897,-0.154715,1.682665,-0.123069,1.406235,0.418278,-1.435153,-0.895261,1.180107
-0.003846,-0.004328,1.044956,0.002631,0.008558,0.021872,0.999721,0.011905,0.010890,-0.026420,0.194519,-0.136342,-0.227382,0.023437,0.010570,0.174593,-0.173600,0.015862,-0.154600,1.680267,-0.121013,1.403996,0.416182,-1.432251,-0.895329,1.177074
-0.003986,-0.004352,1.044982,0.002583,0.008908,0.021908,0.999717,0.011664,0.011032,-0.027497,0.194851,-0.136199,-0.227375,0.023746,0.009700,0.174635,-0.173639,0.015839,-0.149643,1.684164,-0.119944,1.405637,0.409997,-1.424688,-0.897475,1.171107
-0.004142,-0.004368,1.045010,0.002658,0.009261,0.021876,0.999714,0.011528,0.010869,-0.028564,0.195196,-0.136075,-0.227258,0.023812,0.008725,0.174721,-0.173722,0.015810,-0.146436,1.680184,-0.116647,1.402884,0.406960,-1.419554,-0.900250,1.164971
-0.004320,-0.004369,1.045044,0.002968,0.009713,0.021838,0.999710,0.011359,0.010171,-0.029891,0.195643,-0.135966,-0.227165,0.023393,0.007353,0.174991,-0.173921,0.015781,-0.142248,1.669794,-0.098570,1.397012,0.405992,-1.411365,-0.909627,1.150309
-0.004535,-0.004336,1.045100,0.003474,0.010495,0.021935,0.999698,0.010918,0.008952,-0.032100,0.196277,-0.135824,-0.227217,0.022624,0.004995,0.175653,-0.174267,0.015757,-0.133265,1.648549,-0.039900,1.380019,0.405188,-1.387026,-0.946725,1.104540
-0.004805,-0.004262,1.045190,0.003950,0.011796,0.022356,0.999673,0.009963,0.007659,-0.035658,0.196964,-0.135502,-0.227504,0.022036,0.001165,0.177079,-0.174858,0.015743,-0.109721,1.608919,0.092457,1.332889,0.398244,-1.325530,-1.029986,0.995006
-0.005141,-0.004203,1.045314,0.004281,0.013624,0.023081,0.999632,0.008663,0.006627,-0.040585,0.197581,-0.134881,-0.227944,0.021973,-0.004145,0.179300,-0.175692,0.015626,-0.059707,1.534666,0.316062,1.227108,0.380665,-1.219220,-1.128492,0.810335
-0.005528,-0.004239,1.045467,0.004584,0.015863,0.023957,0.999577,0.007127,0.005767,-0.046575,0.198193,-0.134025,-0.228419,0.022289,-0.010545,0.181898,-0.176605,0.015321,0.009871,1.404749,0.581578,1.040642,0.361033,-1.082008,-1.194021,0.559181
-0.005902,-0.004424,1.045641,0.004997,0.018321,0.024645,0.999516,0.005676,0.004907,-0.052873,0.198643,-0.133094,-0.228825,0.022709,-0.017215,0.183904,-0.177201,0.014840,0.066061,1.255004,0.751855,0.825419,0.350295,-0.927477,-1.208650,0.316753
-0.006191,-0.004729,1.045826,0.005307,0.020762,0.024974,0.999458,0.004602,0.004477,-0.058614,0.198588,-0.132193,-0.229243,0.023530,-0.023145,0.184571,-0.177153,0.014343,0.111673,1.110337,0.815280,0.625386,0.340498,-0.761209,-1.187794,0.096817
-0.006350,-0.005111,1.046000,0.005255,0.022908,0.025004,0.999411,0.004115,0.004966,-0.063213,0.198044,-0.131415,-0.229693,0.025101,-0.027524,0.183845,-0.176465,0.013944,0.142780,0.972403,0.814917,0.451015,0.329548,-0.596113,-1.136574,-0.077191
-0.006373,-0.005526,1.046133,0.004726,0.024505,0.024718,0.999383,0.004452,0.006574,-0.066536,0.197671,-0.131011,-0.229658,0.027496,-0.030066,0.182410,-0.175475,0.013473,0.167929,0.842147,0.777759,0.309003,0.320348,-0.441273,-1.056577,-0.189605
-0.006244,-0.005913,1.046205,0.003789,0.025457,0.023946,0.999382,0.005806,0.009073,-0.068603,0.197977,-0.131222,-0.228565,0.030430,-0.030954,0.180962,-0.174518,0.012521,0.193103,0.723425,0.713118,0.204948,0.315384,-0.308719,-0.961214,-0.219192
-0.005917,-0.006200,1.046224,0.002606,0.025879,0.022595,0.999406,0.008190,0.012017,-0.069470,0.198856,-0.132112,-0.226286,0.033505,-0.030604,0.179695,-0.173603,0.010775,0.215935,0.616910,0.628809,0.144128,0.315748,-0.206740,-0.843835,-0.198171
-0.005336,-0.006310,1.046212,0.001217,0.025972,0.020844,0.999445,0.011390,0.015212,-0.069170,0.199707,-0.133501,-0.223449,0.036605,-0.029197,0.178328,-0.172598,0.008332,0.236064,0.524204,0.533161,0.124844,0.319139,-0.140572,-0.717674,-0.129839
-0.004486,-0.006187,1.046183,-0.000352,0.025934,0.018849,0.999486,0.015256,0.018523,-0.067885,0.200159,-0.135258,-0.220274,0.039700,-0.027274,0.177028,-0.171564,0.005554,0.251525,0.445830,0.436344,0.142209,0.319787,-0.107085,-0.592497,-0.031121
-0.003402,-0.005797,1.046134,-0.002029,0.025784,0.016549,0.999528,0.019750,0.021751,-0.065710,0.200354,-0.137443,-0.216480,0.042620,-0.025345,0.176387,-0.170690,0.002905,0.253878,0.390892,0.339469,0.195506,0.311655,-0.098086,-0.477178,0.081649
-0.002144,-0.005134,1.046055,-0.003735,0.025430,0.013764,0.999575,0.024878,0.024723,-0.062639,0.200648,-0.140195,-0.211658,0.045165,-0.023486,0.176603,-0.170046,0.000783,0.258599,0.338267,0.254461,0.261404,0.298398,-0.096852,-0.373047,0.194311
-0.000780,-0.004230,1.045944,-0.005513,0.024749,0.010388,0.999625,0.030822,0.027589,-0.058575,0.201092,-0.143458,-0.205775,0.047439,-0.021230,0.177130,-0.169430,-0.000621,0.263164,0.290957,0.171275,0.332224,0.275849,-0.096459,-0.281584,0.307531
0.000630,-0.003140,1.045803,-0.007437,0.023688,0.006426,0.999671,0.037781,0.030590,-0.053512,0.201517,-0.147007,-0.198984,0.049672,-0.018195,0.177418,-0.168618,-0.001309,0.262793,0.253316,0.103425,0.409672,0.250933,-0.103139,-0.196741,0.420664
0.002043,-0.001932,1.045634,-0.009429,0.022286,0.002045,0.999705,0.045620,0.033658,-0.047800,0.202140,-0.150758,-0.191506,0.051816,-0.014526,0.177564,-0.167674,-0.001258,0.252081,0.223470,0.049252,0.500374,0.225435,-0.115150,-0.112376,0.538119
0.003443,-0.000662,1.045434,-0.011251,0.020607,-0.002452,0.999721,0.053728,0.036358,-0.041756,0.203144,-0.154651,-0.184002,0.053461,-0.010452,0.177742,-0.166787,-0.000382,0.238640,0.200789,0.002082,0.593848,0.191860,-0.130179,-0.025609,0.657251
0.004843,0.000636,1.045207,-0.012712,0.018728,-0.006627,0.999722,0.061229,0.038322,-0.035503,0.204318,-0.158495,-0.177296,0.054249,-0.005918,0.177821,-0.166143,0.001315,0.217522,0.184344,-0.042020,0.696096,0.157451,-0.146114,0.062652,0.771410
0.006262,0.001951,1.044961,-0.013883,0.016761,-0.010146,0.999712,0.067570,0.039683,-0.029153,0.205206,-0.161992,-0.171879,0.054339,-0.000783,0.177569,-0.165851,0.003460,0.186053,0.173946,-0.080188,0.812370,0.129084,-0.157929,0.144970,0.868518
0.007696,0.003270,1.044708,-0.014856,0.014778,-0.012791,0.999699,0.072624,0.040654,-0.022865,0.205554,-0.164897,-0.167837,0.053977,0.004964,0.176988,-0.165984,0.005369,0.155414,0.165994,-0.135380,0.921850,0.096967,-0.170955,0.231921,0.960617
0.009097,0.004616,1.044464,-0.015729,0.012886,-0.014345,0.999690,0.076108,0.041399,-0.017171,0.205699,-0.167215,-0.165255,0.053401,0.010864,0.176497,-0.166586,0.006495,0.120625,0.163999,-0.199953,1.028126,0.072893,-0.179654,0.311122,1.029173
0.010427,0.006046,1.044246,-0.016543,0.011346,-0.014615,0.999692,0.077549,0.041885,-0.012918,0.206197,-0.169156,-0.164467,0.052734,0.015973,0.176641,-0.167680,0.006715,0.086554,0.164847,-0.279241,1.116914,0.058525,-0.185478,0.374969,1.068254
0.011674,0.007632,1.044072,-0.017364,0.010449,-0.013600,0.999702,0.076681,0.042119,-0.010849,0.207474,-0.170965,-0.165699,0.052142,0.019413,0.177707,-0.169174,0.006170,0.057368,0.167851,-0.369189,1.175911,0.054594,-0.190342,0.417994,1.076691
0.012833,0.009425,1.043949,-0.018196,0.010116,-0.011684,0.999715,0.074028,0.042054,-0.010423,0.209167,-0.172697,-0.168420,0.051563,0.021482,0.179087,-0.170652,0.005039,0.034955,0.173923,-0.458286,1.201037,0.056572,-0.196033,0.445247,1.063004
0.013896,0.011469,1.043864,-0.018922,0.009915,-0.009330,0.999728,0.070391,0.041456,-0.010140,0.210511,-0.174262,-0.172094,0.050571,0.023000,0.180461,-0.171790,0.003701,0.018117,0.183307,-0.533348,1.197306,0.056727,-0.204061,0.469802,1.042248
0.014848,0.013804,1.043798,-0.019414,0.009437,-0.006796,0.999744,0.066106,0.040046,-0.008847,0.211189,-0.175653,-0.176417,0.048700,0.024703,0.181722,-0.172362,0.002755,0.004468,0.194609,-0.585122,1.173851,0.050173,-0.214823,0.498345,1.025769
0.015679,0.016465,1.043736,-0.019674,0.008621,-0.004120,0.999761,0.061172,0.037773,-0.006708,0.211706,-0.177058,-0.181237,0.045883,0.026607,0.183062,-0.172380,0.002757,-0.007389,0.205792,-0.610969,1.138567,0.037817,-0.226260,0.525008,1.016770
0.016418,0.019468,1.043661,-0.019798,0.007686,-0.001254,0.999774,0.055557,0.034772,-0.004657,0.212791,-0.178705,-0.186467,0.042360,0.028466,0.184463,-0.172377,0.003915,-0.017620,0.215121,-0.614057,1.097034,0.023736,-0.235520,0.540189,1.012998
0.017128,0.022802,1.043568,-0.019847,0.006821,0.001820,0.999778,0.049478,0.031181,-0.003087,0.214366,-0.180586,-0.191989,0.038316,0.030181,0.185798,-0.172641,0.006048,-0.026291,0.221324,-0.600971,1.054236,0.011011,-0.241166,0.540071,1.010613
0.017874,0.026448,1.043464,-0.019848,0.006058,0.005050,0.999772,0.043308,0.027105,-0.001685,0.215796,-0.182563,-0.197462,0.033820,0.031486,0.187691,-0.173088,0.008763,-0.033871,0.224208,-0.578202,1.015240,-0.000040,-0.243525,0.528601,1.006123
0.018683,0.030377,1.043338,-0.019751,0.005373,0.008278,0.999756,0.037350,0.022509,-0.000259,0.216972,-0.184663,-0.202135,0.028833,0.031513,0.191812,-0.174030,0.011627,-0.040200,0.229478,-0.545109,0.988920,-0.012197,-0.237995,0.514568,0.990502
0.019556,0.034605,1.043170,-0.019505,0.004749,0.011300,0.999735,0.031719,0.017248,0.001239,0.218064,-0.187011,-0.205529,0.023284,0.029202,0.199932,-0.175954,0.014328,-0.045722,0.224961,-0.513919,0.963547,-0.021070,-0.239940,0.499093,0.978588
0.020481,0.039171,1.042906,-0.018974,0.004134,0.013976,0.999714,0.026429,0.010930,0.002699,0.219717,-0.189960,-0.206231,0.016798,0.023242,0.214618,-0.179762,0.016670,-0.049561,0.217716,-0.485769,0.942925,-0.029244,-0.243684,0.484347,0.965282
0.021432,0.044075,1.042493,-0.018060,0.003511,0.016070,0.999702,0.021928,0.003294,0.003854,0.222652,-0.193914,-0.203614,0.009256,0.012356,0.238040,-0.185983,0.018616,-0.052044,0.210080,-0.464529,0.928279,-0.036094,-0.247901,0.469158,0.949672
0.022385,0.049237,1.041898,-0.016745,0.002991,0.017406,0.999704,0.018952,-0.005607,0.004176,0.227431,-0.199195,-0.197607,0.000918,-0.005036,0.272477,-0.194141,0.020265,-0.053856,0.203661,-0.454051,0.920439,-0.041137,-0.252469,0.452431,0.933052
0.023322,0.054525,1.041148,-0.015092,0.002763,0.017995,0.999720,0.017798,-0.015486,0.003065,0.234390,-0.205868,-0.187979,-0.007786,-0.030623,0.320323,-0.201750,0.021755,-0.053044,0.198185,-0.452623,0.917552,-0.042292,-0.264091,0.428018,0.928682
0.024203,0.059846,1.040369,-0.013291,0.002995,0.017962,0.999746,0.018204,-0.025888,0.000081,0.243553,-0.213700,-0.175746,-0.016529,-0.066323,0.383748,-0.202722,0.023209,-0.053422,0.191805,-0.459587,0.921962,-0.043997,-0.266650,0.409218,0.911114
0.025071,0.065028,1.039743,-0.010869,0.003916,0.017390,0.999782,0.019627,-0.037651,-0.006988,0.258368,-0.223456,-0.160828,-0.026540,-0.112670,0.464163,-0.198302,0.024642,-0.056274,0.175450,-0.476217,0.926588,-0.042613,-0.269105,0.393142,0.882294
0.026777,0.070279,1.042738,-0.008238,0.005505,0.016222,0.999819,0.022612,-0.050426,-0.016414,0.276599,-0.232400,-0.143195,-0.040347,-0.169734,0.567235,-0.179568,0.026027,-0.054167,0.153870,-0.477957,0.937061,-0.040407,-0.270230,0.364472,0.866563
0.028453,0.074853,1.042720,-0.005689,0.007425,0.014400,0.999853,0.027629,-0.061758,-0.025781,0.293011,-0.243324,-0.124240,-0.049706,-0.239132,0.679569,-0.143839,0.027136,-0.050346,0.142706,-0.478433,0.944009,-0.027614,-0.274341,0.354269,0.833699
0.030651,0.078850,1.041562,-0.003280,0.009432,0.011948,0.999879,0.034005,-0.071826,-0.032562,0.305217,-0.253774,-0.112075,-0.055892,-0.311780,0.791215,-0.104685,0.028055,-0.045406,0.128261,-0.478205,0.945837,-0.014109,-0.276709,0.340259,0.807717
0.033460,0.082315,1.040481,-0.002102,0.011467,0.009726,0.999885,0.039535,-0.078763,-0.034643,0.309128,-0.261303,-0.112605,-0.055491,-0.378986,0.887280,-0.071388,0.028588,-0.040396,0.116499,-0.479175,0.943766,0.001496,-0.274475,0.325526,0.789432
0.037437,0.085735,1.042095,-0.002103,0.013675,0.008945,0.999864,0.042069,-0.083103,-0.034469,0.309066,-0.265865,-0.116038,-0.049046,-0.439706,0.954303,-0.060560,0.027912,-0.036999,0.108030,-0.483118,0.942016,0.019040,-0.268427,0.313018,0.781001
0.042186,0.088491,1.042128,-0.002442,0.016055,0.009664,0.999821,0.042126,-0.085561,-0.035677,0.312124,-0.271976,-0.121539,-0.035190,-0.489611,0.985298,-0.064649,0.026109,-0.036177,0.107387,-0.485122,0.949803,0.039220,-0.261925,0.306821,0.781133
0.047752,0.090790,1.041837,-0.003566,0.018687,0.011447,0.999753,0.041027,-0.085736,-0.036098,0.314144,-0.278491,-0.124563,-0.016187,-0.527272,0.976633,-0.070482,0.023295,-0.038586,0.104506,-0.500547,0.951495,0.056729,-0.253392,0.304829,0.794820
0.054166,0.092659,1.041417,-0.004152,0.021839,0.013526,0.999661,0.039370,-0.086434,-0.035753,0.314885,-0.285392,-0.125943,0.002411,-0.556601,0.933101,-0.072063,0.019874,-0.037949,0.101383,-0.512952,0.941096,0.065050,-0.237321,0.307050,0.824848
0.061345,0.094228,1.041087,-0.004794,0.025770,0.015675,0.999533,0.036726,-0.086721,-0.032616,0.308662,-0.290124,-0.126172,0.018345,-0.577202,0.861012,-0.070223,0.016158,-0.038458,0.103387,-0.529262,0.917853,0.081987,-0.229091,0.305866,0.837564
0.069241,0.095499,1.040767,-0.005162,0.030294,0.018326,0.999360,0.032704,-0.087186,-0.027071,0.296641,-0.292600,-0.127375,0.031645,-0.590515,0.766266,-0.061983,0.012512,-0.045072,0.110927,-0.553947,0.884732,0.108871,-0.225099,0.304126,0.824084
0.077841,0.096447,1.040245,-0.004949,0.035033,0.021977,0.999132,0.027201,-0.088287,-0.020614,0.283270,-0.294871,-0.131969,0.042272,-0.598071,0.659299,-0.047801,0.009282,-0.052895,0.119733,-0.574666,0.841956,0.135927,-0.219959,0.300643,0.808832
0.087101,0.097190,1.039564,-0.005232,0.039848,0.026469,0.998841,0.020503,-0.088023,-0.012475,0.267095,-0.296751,-0.136351,0.051975,-0.599935,0.545616,-0.037091,0.006452,-0.065997,0.130032,-0.591058,0.799987,0.160874,-0.212429,0.296646,0.795314
0.097211,0.097696,1.038575,-0.005376,0.044514,0.030922,0.998516,0.013684,-0.087681,-0.003252,0.251361,-0.299517,-0.140003,0.061008,-0.601974,0.440414,-0.021275,0.004013,-0.083317,0.139276,-0.602256,0.764884,0.180951,-0.203010,0.290654,0.788071
0.108435,0.097908,1.037097,-0.004924,0.048990,0.034502,0.998191,0.007692,-0.088208,0.006477,0.238589,-0.304295,-0.142555,0.068167,-0.604660,0.352153,-0.005588,0.001778,-0.102462,0.145825,-0.607869,0.738424,0.193791,-0.193714,0.281361,0.788271
0.121050,0.097738,1.034974,-0.003571,0.053284,0.036980,0.997888,0.003110,-0.090127,0.016200,0.230711,-0.311894,-0.142354,0.072372,-0.612995,0.291542,0.002435,-0.000553,-0.121137,0.149072,-0.608379,0.719943,0.198647,-0.187498,0.269630,0.793620
0.135215,0.097121,1.032177,-0.001787,0.057429,0.038021,0.997624,0.000887,-0.092388,0.026932,0.225914,-0.321585,-0.143131,0.076922,-0.624882,0.257456,-0.000006,-0.002859,-0.137545,0.150153,-0.604979,0.707900,0.195972,-0.185740,0.258846,0.801356
0.151097,0.095988,1.028538,0.000036,0.061251,0.037953,0.997401,0.001363,-0.093970,0.040509,0.221884,-0.333520,-0.140364,0.078721,-0.637598,0.247810,-0.009720,-0.005485,-0.150831,0.150432,-0.600026,0.701502,0.187849,-0.188613,0.252773,0.809144
0.168847,0.094290,1.023703,0.001946,0.064631,0.037468,0.997204,0.004062,-0.094710,0.057159,0.218875,-0.345662,-0.131800,0.075879,-0.647451,0.259264,-0.025779,-0.008663,-0.161723,0.150698,-0.596308,0.701638,0.177457,-0.195423,0.252394,0.814345
0.188613,0.091942,1.016129,0.004168,0.067491,0.037684,0.996999,0.006527,-0.094519,0.075283,0.220791,-0.357174,-0.116313,0.068868,-0.648600,0.293304,-0.039935,-0.012628,-0.171929,0.151452,-0.596635,0.710321,0.168452,-0.204151,0.254518,0.814463
0.209562,0.088945,1.013026,0.005455,0.069976,0.038893,0.996775,0.006133,-0.091921,0.091086,0.226525,-0.361643,-0.098785,0.059483,-0.652205,0.332327,-0.040566,-0.016952,-0.182616,0.155500,-0.603332,0.728508,0.162513,-0.209783,0.254567,0.810727
0.231905,0.085237,1.011607,0.005764,0.072004,0.040441,0.996567,0.002062,-0.086538,0.104326,0.238783,-0.356933,-0.083661,0.056063,-0.648553,0.356975,-0.012017,-0.020761,-0.193340,0.163548,-0.617449,0.757039,0.159222,-0.210048,0.250022,0.808349
0.255623,0.080913,1.012137,0.005561,0.073442,0.040444,0.996464,-0.004304,-0.079810,0.113701,0.263124,-0.338368,-0.068988,0.056258,-0.636334,0.369503,0.035847,-0.023589,-0.200902,0.174645,-0.636074,0.795653,0.155166,-0.205984,0.243350,0.814366
0.282249,0.076106,1.016913,0.005798,0.074057,0.037725,0.996523,-0.009090,-0.072540,0.123665,0.310244,-0.303369,-0.055151,0.059291,-0.620158,0.397130,0.051471,-0.025786,-0.200596,0.186472,-0.653249,0.842383,0.147424,-0.201064,0.239024,0.832108
0.308718,0.071209,1.021997,0.005049,0.074185,0.032861,0.996690,-0.013127,-0.064914,0.121517,0.365081,-0.247160,-0.042699,0.065535,-0.605365,0.425568,0.027273,-0.028020,-0.189862,0.199583,-0.663846,0.892607,0.134352,-0.194930,0.240241,0.859420
0.335560,0.066173,1.027373,0.003589,0.073866,0.028705,0.996848,-0.012005,-0.054113,0.102498,0.444061,-0.163241,-0.033650,0.074462,-0.579659,0.439063,-0.004209,-0.031458,-0.171226,0.212719,-0.668610,0.942964,0.118099,-0.189165,0.246524,0.889347
0.362093,0.061016,1.031474,0.001508,0.073362,0.027378,0.996928,-0.001351,-0.038560,0.052599,0.567067,-0.062711,-0.029200,0.084737,-0.549569,0.444954,-0.036471,-0.036493,-0.150651,0.226483,-0.672754,0.990439,0.100896,-0.185136,0.255406,0.915153
0.388182,0.056207,1.034082,-0.001030,0.072492,0.029060,0.996945,0.016176,-0.018104,-0.025184,0.728710,0.043444,-0.029602,0.095684,-0.517142,0.447113,-0.068223,-0.042168,-0.129221,0.241004,-0.673648,1.027922,0.083994,-0.186643,0.256202,0.933097
0.414441,0.051835,1.036038,-0.003018,0.071033,0.032320,0.996946,0.033815,0.001217,-0.118120,0.894569,0.154559,-0.034368,0.105597,-0.480702,0.445255,-0.099670,-0.046751,-0.112778,0.262154,-0.694646,1.049734,0.077853,-0.190790,0.264061,0.956956
0.441171,0.048152,1.038198,-0.004228,0.068982,0.035209,0.996987,0.041734,0.014397,-0.207094,1.036507,0.226262,-0.041838,0.113909,-0.440831,0.441027,-0.128970,-0.048306,-0.095625,0.285282,-0.716836,1.049457,0.050121,-0.188104,0.273448,0.985645
0.468571,0.045232,1.040538,-0.004390,0.066172,0.035980,0.997150,0.034790,0.014384,-0.291805,1.143565,0.230616,-0.049762,0.119702,-0.395375,0.431409,-0.156166,-0.045672,-0.073459,0.312431,-0.723394,1.026640,0.035094,-0.189043,0.277523,0.984606
0.496526,0.043093,1.042576,-0.003640,0.062730,0.034866,0.997415,0.027777,0.008376,-0.367334,1.207684,0.182315,-0.058153,0.122627,-0.346262,0.419010,-0.181826,-0.039593,-0.042504,0.334904,-0.703312,0.989396,0.027123,-0.190609,0.273583,0.969387
0.524835,0.041603,1.043731,-0.003453,0.059117,0.032753,0.997708,0.020867,0.001419,-0.438116,1.232630,0.144703,-0.066152,0.125251,-0.298147,0.410478,-0.208136,-0.030616,-0.003564,0.349439,-0.655694,0.946194,0.024177,-0.190160,0.262357,0.946489
0.553419,0.040434,1.043986,-0.003516,0.055723,0.030153,0.997985,0.009521,-0.006667,-0.504539,1.219888,0.102191,-0.073815,0.127401,-0.251205,0.404575,-0.235118,-0.019361,0.037968,0.344348,-0.596639,0.908058,0.025408,-0.188258,0.249117,0.916218
0.582123,0.039394,1.043649,-0.002882,0.053038,0.027476,0.998210,0.000549,-0.014431,-0.562769,1.167849,0.030248,-0.081458,0.127330,-0.203941,0.395299,-0.259864,-0.007125,0.076603,0.343856,-0.528510,0.873367,0.035038,-0.189788,0.252326,0.865935
0.610749,0.038453,1.042898,-0.001967,0.051530,0.024841,0.998361,-0.005033,-0.021348,-0.609414,1.076880,-0.032867,-0.088197,0.125873,-0.156423,0.379253,-0.278173,0.005446,0.109378,0.333591,-0.458322,0.847688,0.034961,-0.195438,0.256220,0.827577
0.639262,0.037632,1.041556,-0.001556,0.051260,0.022294,0.998435,-0.011055,-0.026651,-0.642905,0.947463,-0.073448,-0.093774,0.124749,-0.108659,0.356330,-0.290882,0.018227,0.134290,0.318861,-0.393528,0.832331,0.029814,-0.202261,0.265302,0.797847
0.667691,0.036940,1.039602,-0.001474,0.051962,0.020129,0.998445,-0.014056,-0.030675,-0.662042,0.790276,-0.087666,-0.099233,0.123686,-0.059295,0.325225,-0.298319,0.030624,0.151908,0.298835,-0.338111,0.826511,0.019959,-0.206540,0.263674,0.783018
0.696220,0.036378,1.036996,-0.001801,0.052822,0.018331,0.998434,-0.014607,-0.034375,-0.666335,0.614401,-0.078968,-0.105129,0.122837,-0.007146,0.287810,-0.301196,0.042106,0.162838,0.285760,-0.302157,0.827713,0.011086,-0.212146,0.276300,0.769422
0.725040,0.035971,1.033721,-0.001762,0.053529,0.016696,0.998425,-0.010468,-0.041671,-0.660806,0.435835,-0.049792,-0.111543,0.120557,0.049141,0.242456,-0.299378,0.051959,0.169526,0.277458,-0.286013,0.833876,0.001457,-0.220208,0.295831,0.762254
0.754638,0.035918,1.029430,-0.002505,0.053714,0.014753,0.998444,-0.006497,-0.049748,-0.648434,0.279739,-0.027305,-0.116524,0.118899,0.104886,0.201310,-0.295219,0.060404,0.173926,0.279535,-0.287698,0.841768,-0.009365,-0.231466,0.333670,0.760319
0.785602,0.036483,1.023852,-0.005375,0.052889,0.011829,0.998516,-0.012055,-0.048808,-0.641633,0.184852,-0.025541,-0.117593,0.120230,0.155167,0.178640,-0.293524,0.068627,0.178698,0.284992,-0.297325,0.851411,-0.018830,-0.235704,0.359230,0.773495
0.817764,0.037697,1.017676,-0.007716,0.051494,0.008153,0.998610,-0.035769,-0.037235,-0.636830,0.167774,-0.019043,-0.114955,0.119558,0.201952,0.166486,-0.292681,0.077411,0.182295,0.290315,-0.312781,0.863720,-0.024868,-0.237101,0.375873,0.796247
0.851004,0.039676,1.012373,-0.008299,0.049202,0.003601,0.998748,-0.073352,-0.020748,-0.632104,0.210889,0.021464,-0.107494,0.114358,0.247981,0.160429,-0.286964,0.086247,0.185238,0.292163,-0.331871,0.879594,-0.025948,-0.239351,0.386547,0.825265
0.886372,0.042364,1.013498,-0.007623,0.046014,-0.000419,0.998912,-0.103066,-0.011758,-0.626376,0.269514,0.088223,-0.095522,0.105617,0.297653,0.170472,-0.265110,0.093364,0.186632,0.290112,-0.350927,0.900678,-0.020647,-0.242868,0.391918,0.859081
0.921593,0.045438,1.009476,-0.007700,0.042658,-0.001238,0.999059,-0.116435,-0.015311,-0.609310,0.327852,0.133715,-0.083164,0.100667,0.328193,0.201651,-0.220313,0.098093,0.182642,0.286234,-0.366443,0.929245,-0.006370,-0.244392,0.389913,0.895676
0.955893,0.048549,1.010173,-0.007115,0.040813,0.001430,0.999140,-0.118295,-0.026508,-0.590800,0.378126,0.136839,-0.071297,0.097506,0.335393,0.259160,-0.152527,0.101053,0.169787,0.277940,-0.376793,0.966927,0.017366,-0.245257,0.380866,0.929085
0.988324,0.051707,1.015570,-0.005925,0.040476,0.004150,0.999154,-0.117267,-0.039406,-0.568372,0.402487,0.108628,-0.062877,0.091931,0.302942,0.364981,-0.059106,0.103635,0.136646,0.262534,-0.374546,1.030781,0.045937,-0.239135,0.369063,0.953861
1.018951,0.054917,1.020850,-0.003520,0.041185,0.003231,0.999140,-0.116872,-0.051428,-0.536276,0.403548,0.077067,-0.061816,0.079352,0.229834,0.519559,0.046596,0.106274,0.113392,0.248584,-0.376681,1.068207,0.069437,-0.249113,0.378705,0.963795
1.048459,0.057673,1.027035,-0.000506,0.042428,-0.001089,0.999099,-0.110697,-0.063888,-0.499290,0.393524,0.047978,-0.077197,0.056517,0.128087,0.701436,0.164324,0.107927,0.117666,0.244607,-0.386055,1.067333,0.087122,-0.279456,0.420736,0.951589
1.077043,0.059814,1.032366,0.002359,0.043970,-0.005889,0.999013,-0.098650,-0.076833,-0.462546,0.381220,0.020121,-0.101803,0.032127,0.015457,0.873874,0.262901,0.106832,0.104193,0.235861,-0.394636,1.057968,0.098742,-0.313198,0.469989,0.920970
1.105141,0.061355,1.037093,0.005451,0.045736,-0.008940,0.998899,-0.086390,-0.090383,-0.428158,0.371424,-0.006911,-0.120468,0.016464,-0.099149,1.019377,0.297118,0.101930,0.083245,0.228498,-0.408474,1.043103,0.109788,-0.347328,0.504638,0.876111
1.133273,0.062302,1.041129,0.008251,0.047078,-0.009263,0.998814,-0.077506,-0.102723,-0.392866,0.362506,-0.034309,-0.128835,0.012181,-0.209936,1.124917,0.241923,0.093386,0.054406,0.223038,-0.429175,1.028629,0.125240,-0.363049,0.515946,0.830552
1.161671,0.062590,1.044230,0.010256,0.047560,-0.007209,0.998790,-0.071582,-0.112400,-0.356152,0.356320,-0.063614,-0.136893,0.012617,-0.311629,1.186834,0.165678,0.082420,0.020123,0.222469,-0.456189,1.014370,0.146275,-0.372344,0.485265,0.786884
1.190203,0.062194,1.045945,0.012580,0.047544,-0.003326,0.998784,-0.068688,-0.121208,-0.324904,0.363629,-0.098201,-0.138415,0.014796,-0.402003,1.203593,0.075066,0.069656,-0.018383,0.221952,-0.484999,1.003652,0.173127,-0.368128,0.425890,0.750881
1.218942,0.061400,1.046743,0.013682,0.047031,0.001687,0.998798,-0.068858,-0.126190,-0.292054,0.371786,-0.134571,-0.130364,0.018614,-0.481463,1.178844,-0.016676,0.056253,-0.059070,0.222530,-0.510850,0.994983,0.200950,-0.349554,0.352885,0.723824
1.247716,0.060320,1.047033,0.013848,0.046782,0.006422,0.998789,-0.071359,-0.127776,-0.255652,0.372624,-0.167734,-0.120461,0.020028,-0.545804,1.108956,-0.088721,0.043689,-0.100507,0.227577,-0.523894,0.986573,0.225489,-0.321078,0.277361,0.703968
1.276416,0.059032,1.046962,0.013361,0.047093,0.010307,0.998748,-0.074304,-0.127056,-0.215388,0.363210,-0.195265,-0.108737,0.019765,-0.593919,1.001772,-0.132066,0.031982,-0.138506,0.228144,-0.538229,0.972866,0.240153,-0.295341,0.221406,0.692478
1.305103,0.057618,1.046484,0.011771,0.047724,0.013029,0.998706,-0.075636,-0.123650,-0.170581,0.343245,-0.217314,-0.103827,0.020759,-0.628540,0.870366,-0.143537,0.020945,-0.171368,0.229303,-0.550616,0.955097,0.243196,-0.277449,0.192437,0.691373
1.334094,0.055996,1.045067,0.011519,0.048305,0.015607,0.998644,-0.075340,-0.122715,-0.125660,0.323291,-0.238317,-0.106396,0.023846,-0.646856,0.718488,-0.138239,0.009551,-0.197054,0.225542,-0.566515,0.934022,0.236572,-0.275027,0.192778,0.700047
1.363547,0.054377,1.043018,0.010832,0.048839,0.018562,0.998575,-0.074435,-0.120916,-0.076629,0.295827,-0.254882,-0.115931,0.032941,-0.651460,0.558188,-0.128088,-0.002249,-0.218891,0.223409,-0.575570,0.915010,0.226730,-0.277995,0.208477,0.714145
1.393802,0.052628,1.040122,0.010850,0.049064,0.022026,0.998494,-0.073590,-0.120194,-0.023723,0.263454,-0.267453,-0.133027,0.046817,-0.643521,0.392325,-0.102078,-0.013769,-0.237190,0.219098,-0.584044,0.901013,0.217639,-0.283897,0.230535,0.731361
1.425083,0.050635,1.036186,0.011612,0.048789,0.025598,0.998414,-0.073210,-0.120466,0.030394,0.232943,-0.276629,-0.144993,0.059877,-0.631401,0.250649,-0.086472,-0.024596,-0.252533,0.213154,-0.594551,0.893955,0.212218,-0.289169,0.250883,0.749743
1.457718,0.048048,1.030823,0.014969,0.047484,0.029658,0.998319,-0.073611,-0.124949,0.078202,0.222833,-0.288508,-0.132071,0.051954,-0.641041,0.202060,-0.090838,-0.035163,-0.263731,0.203891,-0.606095,0.893548,0.213335,-0.294245,0.263169,0.767028
1.490921,0.045036,1.025080,0.016829,0.046282,0.032020,0.998273,-0.074279,-0.126103,0.123299,0.218384,-0.298687,-0.105359,0.035266,-0.638993,0.199842,-0.085287,-0.043773,-0.268257,0.197824,-0.614773,0.895681,0.216277,-0.291205,0.267585,0.785735
1.524642,0.041449,1.020346,0.017201,0.044957,0.033012,0.998295,-0.075356,-0.123950,0.165638,0.220331,-0.301031,-0.084469,0.026893,-0.635240,0.242875,-0.041365,-0.049597,-0.264655,0.195090,-0.619583,0.899069,0.219096,-0.280456,0.264401,0.807904
1.560169,0.037100,1.021128,0.017740,0.043078,0.033586,0.998349,-0.077620,-0.120793,0.206301,0.244820,-0.284209,-0.069671,0.024222,-0.640466,0.318311,0.021444,-0.053764,-0.252653,0.192846,-0.621118,0.906210,0.220985,-0.267534,0.255532,0.834046
1.595719,0.032356,1.015461,0.018080,0.040874,0.032400,0.998475,-0.079900,-0.118304,0.234852,0.283443,-0.248207,-0.062898,0.029975,-0.634608,0.395773,0.064803,-0.056393,-0.232125,0.192135,-0.619443,0.919354,0.219773,-0.254635,0.246260,0.864524
1.630886,0.027202,1.013299,0.017849,0.038451,0.029891,0.998654,-0.081837,-0.115648,0.247074,0.345504,-0.190394,-0.055887,0.036925,-0.623945,0.469411,0.068719,-0.057893,-0.205250,0.194258,-0.617634,0.939181,0.215452,-0.242345,0.240780,0.896786
1.664298,0.021700,1.015570,0.015744,0.036208,0.028255,0.998821,-0.082543,-0.107833,0.231202,0.441330,-0.108080,-0.045540,0.045314,-0.603496,0.511512,0.029981,-0.058586,-0.178374,0.201654,-0.623635,0.964003,0.208809,-0.229063,0.240516,0.925610
1.696166,0.015811,1.017630,0.012405,0.034527,0.029950,0.998878,-0.070920,-0.089188,0.179977,0.579018,-0.006137,-0.037969,0.056081,-0.569957,0.525860,-0.013125,-0.059239,-0.158515,0.215034,-0.645565,0.989891,0.200831,-0.216494,0.243809,0.945355
1.726713,0.010207,1.020143,0.008398,0.033582,0.034901,0.998791,-0.049034,-0.061009,0.097057,0.745728,0.110509,-0.036617,0.068773,-0.529765,0.523413,-0.052283,-0.059777,-0.146420,0.235044,-0.682657,1.009445,0.190940,-0.206132,0.248756,0.954015
1.756411,0.005316,1.023262,0.004242,0.033571,0.040417,0.998610,-0.032313,-0.036541,-0.002946,0.911093,0.208249,-0.041689,0.083042,-0.489654,0.516459,-0.088289,-0.058817,-0.136061,0.261140,-0.722131,1.014797,0.177482,-0.198538,0.254231,0.953776
1.785905,0.001286,1.027183,0.001563,0.033745,0.044011,0.998460,-0.021424,-0.022378,-0.105076,1.049596,0.259887,-0.049359,0.094965,-0.447285,0.504620,-0.119475,-0.055674,-0.118912,0.288163,-0.746073,1.003333,0.159870,-0.195008,0.260108,0.948428
1.815503,-0.001904,1.031174,0.000038,0.033639,0.044335,0.998450,-0.018759,-0.021164,-0.203909,1.149226,0.229865,-0.054466,0.104049,-0.402851,0.490370,-0.148340,-0.049711,-0.091094,0.312269,-0.743027,0.978919,0.138218,-0.194523,0.267536,0.941640
1.845301,-0.004307,1.034600,-0.001292,0.033147,0.042175,0.998559,-0.014294,-0.022595,-0.298337,1.210142,0.180654,-0.056839,0.111648,-0.357297,0.476299,-0.176629,-0.041526,-0.054429,0.331070,-0.713109,0.948902,0.113121,-0.195909,0.276019,0.936780
1.875393,-0.006118,1.037332,-0.002355,0.032258,0.038362,0.998740,-0.015258,-0.026424,-0.385599,1.229938,0.122881,-0.059327,0.117994,-0.309132,0.460418,-0.204330,-0.031056,-0.012164,0.335408,-0.658094,0.921843,0.081829,-0.206447,0.264585,0.962858
1.905660,-0.007518,1.039319,-0.003139,0.031327,0.033898,0.998929,-0.023202,-0.029874,-0.464251,1.209053,0.051645,-0.062913,0.122888,-0.258548,0.441215,-0.230450,-0.018962,0.026144,0.339308,-0.601584,0.900257,0.053568,-0.207704,0.266865,0.955064
1.935892,-0.008634,1.040460,-0.003563,0.030762,0.029186,0.999094,-0.034835,-0.030849,-0.531166,1.147015,-0.018338,-0.066366,0.125921,-0.206702,0.417848,-0.253829,-0.006118,0.058471,0.334587,-0.559498,0.887381,0.035855,-0.211027,0.285714,0.922127
1.965950,-0.009481,1.040559,-0.004066,0.030874,0.024356,0.999218,-0.045461,-0.028010,-0.583629,1.047005,-0.061699,-0.069172,0.127906,-0.155710,0.392302,-0.274613,0.006845,0.084602,0.333076,-0.519751,0.882011,0.012402,-0.212507,0.309762,0.896610
1.995816,-0.010202,1.039675,-0.003880,0.031716,0.019386,0.999301,-0.057286,-0.023577,-0.617580,0.911327,-0.087959,-0.072351,0.127656,-0.104700,0.362293,-0.291803,0.019718,0.105751,0.327175,-0.482959,0.883441,-0.012082,-0.219398,0.326292,0.876610
2.025628,-0.010783,1.037726,-0.004268,0.032830,0.014757,0.999343,-0.064832,-0.017344,-0.635898,0.752956,-0.087430,-0.075891,0.127713,-0.054488,0.332265,-0.307107,0.031771,0.122276,0.321031,-0.454946,0.889937,-0.035308,-0.224839,0.339399,0.860974
2.055520,-0.011319,1.035107,-0.004100,0.033886,0.010611,0.999361,-0.066738,-0.015210,-0.639318,0.576919,-0.064543,-0.080108,0.126044,-0.000793,0.294963,-0.317352,0.042554,0.134413,0.314578,-0.439631,0.900142,-0.055761,-0.229635,0.350410,0.849186
2.085735,-0.011646,1.031780,-0.003849,0.034532,0.006861,0.999373,-0.062631,-0.017454,-0.627303,0.396781,-0.031775,-0.084595,0.123348,0.055866,0.253158,-0.321825,0.051713,0.143506,0.309497,-0.436792,0.912216,-0.072488,-0.233095,0.360446,0.841304
2.116685,-0.011558,1.027429,-0.004561,0.034603,0.003426,0.999385,-0.055592,-0.022241,-0.611742,0.245216,-0.015703,-0.088035,0.121612,0.109720,0.220316,-0.324711,0.059206,0.150807,0.307951,-0.443784,0.924547,-0.084920,-0.234155,0.370055,0.836985
2.148589,-0.010928,1.022152,-0.006235,0.034349,0.000526,0.999390,-0.054971,-0.025283,-0.607044,0.175584,-0.020920,-0.088877,0.121158,0.154907,0.207587,-0.332067,0.065602,0.155688,0.309625,-0.457988,0.937164,-0.092250,-0.233771,0.378931,0.834875
2.181485,-0.009681,1.017493,-0.007637,0.033890,-0.001556,0.999395,-0.064494,-0.024803,-0.610477,0.195376,-0.015980,-0.087109,0.119775,0.191908,0.213007,-0.337876,0.071394,0.157319,0.310881,-0.476092,0.951441,-0.093245,-0.234349,0.387611,0.834090
2.216475,-0.007720,1.018376,-0.008551,0.032224,-0.004237,0.999435,-0.088764,-0.018516,-0.617657,0.267911,0.009261,-0.081843,0.115776,0.230978,0.234304,-0.331661,0.077314,0.158078,0.309102,-0.492261,0.969004,-0.087531,-0.236449,0.398537,0.837318
2.251893,-0.005202,1.016235,-0.007277,0.029380,-0.006747,0.999519,-0.116913,-0.015861,-0.610124,0.323964,0.069969,-0.073027,0.107969,0.266429,0.255727,-0.309696,0.082212,0.157892,0.299282,-0.502740,0.992626,-0.075264,-0.242320,0.410938,0.848558
2.287836,-0.002304,1.011455,-0.006566,0.025244,-0.006640,0.999638,-0.122183,-0.026650,-0.580038,0.363528,0.113460,-0.061744,0.102549,0.291086,0.302034,-0.259588,0.083920,0.155205,0.285583,-0.507016,1.022317,-0.056640,-0.246871,0.420718,0.872735
2.322869,0.000627,1.012346,-0.004667,0.021587,-0.004869,0.999744,-0.120799,-0.042247,-0.549893,0.400193,0.117308,-0.051352,0.096411,0.290449,0.381435,-0.182022,0.083945,0.147102,0.267950,-0.508567,1.054649,-0.034098,-0.251391,0.424404,0.908415
2.356011,0.003705,1.017387,-0.002409,0.018878,-0.003950,0.999811,-0.121257,-0.056736,-0.518744,0.420616,0.088064,-0.045200,0.087393,0.248673,0.510841,-0.070798,0.083848,0.133430,0.250577,-0.509341,1.081448,-0.011572,-0.254560,0.426093,0.948453
2.387631,0.006640,1.022517,0.000691,0.017501,-0.006474,0.999826,-0.115728,-0.071872,-0.480947,0.422797,0.053864,-0.050905,0.069129,0.168330,0.680182,0.051752,0.084247,0.117259,0.235313,-0.509506,1.094338,0.006750,-0.260935,0.435450,0.981000
2.417942,0.009093,1.027291,0.003951,0.017484,-0.011590,0.999772,-0.104449,-0.086290,-0.441488,0.415435,0.020962,-0.067800,0.044165,0.067365,0.853987,0.171311,0.084603,0.100274,0.223355,-0.508036,1.089578,0.020092,-0.274902,0.460020,0.994914
2.447421,0.010868,1.032074,0.006379,0.018526,-0.016170,0.999677,-0.091550,-0.098317,-0.403726,0.406738,-0.010509,-0.087078,0.024126,-0.040540,1.005359,0.266370,0.083360,0.080931,0.214816,-0.504499,1.072034,0.031169,-0.296439,0.497193,0.985400
2.476621,0.011996,1.036745,0.006743,0.019318,-0.017512,0.999637,-0.081057,-0.105951,-0.363201,0.394282,-0.039204,-0.099823,0.019143,-0.145784,1.119608,0.275361,0.079228,0.046540,0.206787,-0.494043,1.069784,0.042215,-0.314131,0.529252,0.960285
2.505470,0.012365,1.040327,0.008342,0.020140,-0.016189,0.999631,-0.074960,-0.114721,-0.329105,0.392084,-0.068722,-0.111808,0.018310,-0.247306,1.198014,0.211951,0.072719,0.027514,0.209250,-0.502060,1.050582,0.064774,-0.343168,0.549215,0.913879
2.534501,0.012166,1.043035,0.009530,0.020017,-0.012372,0.999678,-0.071229,-0.122032,-0.291743,0.389336,-0.099383,-0.119614,0.022185,-0.336886,1.230474,0.129283,0.064179,-0.007673,0.207438,-0.513896,1.039207,0.092730,-0.358131,0.537881,0.869825
2.563682,0.011517,1.044920,0.009894,0.019399,-0.007306,0.999736,-0.068686,-0.126580,-0.251144,0.384475,-0.130566,-0.123194,0.025643,-0.413430,1.215844,0.052172,0.054664,-0.049259,0.210859,-0.522390,1.039408,0.118954,-0.346399,0.500483,0.840299
2.592711,0.010560,1.045758,0.010647,0.019151,-0.002030,0.999758,-0.067649,-0.130615,-0.213450,0.383602,-0.162837,-0.118070,0.027074,-0.478543,1.159694,-0.020618,0.044799,-0.093375,0.210760,-0.539954,1.037513,0.145758,-0.336072,0.447458,0.818192
2.621509,0.009532,1.046002,0.010064,0.019329,0.002873,0.999758,-0.068420,-0.130899,-0.173375,0.375678,-0.191471,-0.108119,0.026725,-0.528623,1.062325,-0.072923,0.035205,-0.135175,0.212187,-0.560341,1.030813,0.165319,-0.320274,0.395992,0.805919
2.650079,0.008439,1.045521,0.009553,0.020001,0.006988,0.999730,-0.070286,-0.130552,-0.132371,0.362528,-0.216122,-0.096097,0.023193,-0.563528,0.934181,-0.109668,0.025946,-0.170705,0.209128,-0.585033,1.015878,0.174575,-0.307340,0.360824,0.802437
2.678625,0.007319,1.044381,0.009578,0.020933,0.010122,0.999684,-0.071779,-0.130936,-0.088056,0.341403,-0.237100,-0.092871,0.021234,-0.582482,0.782419,-0.115954,0.017487,-0.198867,0.209569,-0.598701,0.997644,0.174041,-0.298299,0.340928,0.808958
2.707300,0.006289,1.042776,0.009187,0.022050,0.012689,0.999634,-0.072384,-0.130525,-0.038456,0.308995,-0.252121,-0.097546,0.025449,-0.587390,0.613782,-0.104661,0.009717,-0.219726,0.209855,-0.605137,0.976193,0.166460,-0.292808,0.335394,0.821924
2.736398,0.005164,1.040320,0.010017,0.023099,0.015279,0.999566,-0.071897,-0.132374,0.012273,0.274978,-0.263797,-0.112738,0.034547,-0.579223,0.436758,-0.085562,0.002722,-0.234355,0.207584,-0.608955,0.954588,0.157527,-0.291966,0.336633,0.835995
2.766019,0.003989,1.037004,0.010676,0.024303,0.017659,0.999492,-0.071321,-0.133868,0.063644,0.239730,-0.271651,-0.128455,0.048992,-0.565407,0.273332,-0.070543,-0.003548,-0.243497,0.204755,-0.612226,0.935195,0.149736,-0.291119,0.337994,0.847925
2.796649,0.002372,1.032208,0.013334,0.025200,0.019991,0.999394,-0.070081,-0.138837,0.108897,0.220828,-0.283335,-0.125455,0.050344,-0.574778,0.196822,-0.075429,-0.009891,-0.246756,0.198554,-0.614663,0.921246,0.145607,-0.292499,0.336019,0.856174
2.828255,0.000178,1.026295,0.016814,0.025806,0.020994,0.999305,-0.067081,-0.144867,0.149180,0.216173,-0.299029,-0.109216,0.041794,-0.586816,0.189618,-0.074697,-0.015683,-0.243177,0.190576,-0.614549,0.915166,0.143672,-0.293666,0.332311,0.862745
2.860494,-0.002602,1.020998,0.018141,0.026139,0.020572,0.999282,-0.064107,-0.146175,0.189226,0.214327,-0.308718,-0.087718,0.034484,-0.585982,0.219163,-0.048572,-0.020414,-0.233180,0.184668,-0.612465,0.919222,0.141686,-0.288999,0.328227,0.870683
2.894519,-0.006263,1.020111,0.018169,0.025307,0.020464,0.999305,-0.064152,-0.143637,0.235493,0.220596,-0.305127,-0.063914,0.030259,-0.596810,0.295845,-0.004248,-0.024510,-0.218374,0.179455,-0.611946,0.937462,0.141452,-0.279694,0.322097,0.881188
2.929188,-0.010570,1.013550,0.017550,0.023421,0.019297,0.999385,-0.067504,-0.140430,0.275446,0.234332,-0.281746,-0.045309,0.032659,-0.584629,0.357084,0.051399,-0.027773,-0.198765,0.174814,-0.613753,0.971058,0.141430,-0.267584,0.314804,0.896270
2.964117,-0.015485,1.011063,0.017422,0.020876,0.016614,0.999492,-0.073450,-0.139590,0.301267,0.272656,-0.237262,-0.026966,0.034472,-0.567456,0.419474,0.070534,-0.031004,-0.174375,0.170701,-0.618047,1.016558,0.139779,-0.255858,0.307720,0.916308
2.997514,-0.020746,1.014284,0.016097,0.018829,0.014369,0.999590,-0.082254,-0.137062,0.302783,0.339382,-0.171544,-0.008515,0.038394,-0.550557,0.465364,0.046724,-0.034841,-0.148968,0.170629,-0.628932,1.066512,0.135908,-0.242878,0.300237,0.938154
3.029787,-0.026306,1.018547,0.012862,0.017578,0.015838,0.999637,-0.084319,-0.123492,0.272838,0.447077,-0.081799,-0.000664,0.049232,-0.520859,0.486058,0.009518,-0.039544,-0.129021,0.177570,-0.654024,1.113039,0.132039,-0.227981,0.289632,0.956447
3.060380,-0.032138,1.021892,0.008803,0.017232,0.022239,0.999565,-0.067322,-0.095143,0.202771,0.602002,0.039077,-0.003395,0.063228,-0.488256,0.494885,-0.027450,-0.045405,-0.117379,0.191160,-0.690938,1.149012,0.128071,-0.216443,0.268491,0.971763
3.089698,-0.037361,1.024976,0.003968,0.017284,0.032124,0.999327,-0.039152,-0.054534,0.108950,0.778822,0.148190,-0.014258,0.079156,-0.453170,0.495807,-0.061593,-0.051082,-0.117994,0.218168,-0.756467,1.167829,0.131939,-0.203583,0.267160,0.988812
3.118726,-0.041977,1.028495,0.000196,0.017294,0.042437,0.998949,-0.016867,-0.021445,0.002955,0.943827,0.247176,-0.031371,0.093762,-0.412509,0.487838,-0.092996,-0.054329,-0.121754,0.251051,-0.816215,1.165865,0.125108,-0.194633,0.268947,0.991426
3.147896,-0.045752,1.032494,-0.001542,0.016764,0.050752,0.998569,-0.005312,-0.004235,-0.100997,1.078379,0.267867,-0.051066,0.104404,-0.364863,0.470775,-0.121517,-0.053817,-0.121707,0.284351,-0.845749,1.142851,0.113724,-0.191989,0.276730,0.988352
3.177029,-0.048475,1.035905,-0.003131,0.016083,0.055711,0.998312,0.002072,0.001439,-0.204276,1.176659,0.222374,-0.067282,0.113386,-0.318667,0.456629,-0.149774,-0.049399,-0.112251,0.316771,-0.830245,1.103327,0.097420,-0.193058,0.291029,0.985520
3.206339,-0.050324,1.038643,-0.003473,0.014908,0.056242,0.998300,0.008329,-0.002910,-0.295797,1.226762,0.167223,-0.079481,0.118757,-0.270030,0.439848,-0.177015,-0.041032,-0.090769,0.339430,-0.767268,1.056977,0.078392,-0.202558,0.302255,0.988499
3.235632,-0.051447,1.040391,-0.003811,0.013874,0.053493,0.998465,0.012362,-0.009459,-0.378947,1.232645,0.108692,-0.088260,0.122704,-0.223068,0.425266,-0.204068,-0.029326,-0.059178,0.347787,-0.671285,1.005685,0.043358,-0.207317,0.309741,1.006308
3.264785,-0.052145,1.041155,-0.004321,0.013382,0.048673,0.998716,0.006688,-0.018086,-0.454812,1.202904,0.031652,-0.094658,0.125872,-0.178580,0.412657,-0.230678,-0.015074,-0.024093,0.350882,-0.566972,0.951370,0.018713,-0.211733,0.319587,0.999868
3.293768,-0.052628,1.041270,-0.003785,0.013545,0.043001,0.998976,-0.001533,-0.025887,-0.516948,1.130526,-0.038820,-0.099426,0.125796,-0.133544,0.395303,-0.253997,-0.000040,0.010152,0.344328,-0.471176,0.900123,-0.000085,-0.218550,0.326225,0.977757
3.322512,-0.052909,1.040599,-0.003334,0.014358,0.037302,0.999195,-0.009538,-0.030389,-0.563475,1.020063,-0.082183,-0.101366,0.124750,-0.089699,0.376289,-0.274461,0.014590,0.039776,0.333598,-0.395294,0.856677,-0.015160,-0.225506,0.329126,0.947850
3.351064,-0.053113,1.039365,-0.002307,0.015733,0.031761,0.999369,-0.020693,-0.032166,-0.593119,0.879564,-0.094443,-0.101020,0.121844,-0.044148,0.350016,-0.290032,0.028355,0.063023,0.321174,-0.345427,0.824527,-0.027796,-0.232240,0.330137,0.916167
3.379592,-0.053230,1.037517,-0.001642,0.017308,0.026766,0.999491,-0.031959,-0.030680,-0.603701,0.715201,-0.094412,-0.099897,0.119185,0.003322,0.318485,-0.301083,0.040603,0.076848,0.310112,-0.334129,0.805111,-0.036858,-0.235713,0.349718,0.881757
3.408271,-0.053237,1.035206,-0.001132,0.018808,0.022404,0.999571,-0.038100,-0.030010,-0.597904,0.535311,-0.070315,-0.099696,0.116365,0.053075,0.282227,-0.306510,0.050878,0.088573,0.303647,-0.331633,0.798361,-0.047580,-0.241572,0.355139,0.859780
3.437271,-0.052989,1.032480,-0.001177,0.020064,0.018137,0.999633,-0.040241,-0.033164,-0.581298,0.361171,-0.041474,-0.099636,0.113991,0.101619,0.248789,-0.307432,0.059303,0.098133,0.298099,-0.336432,0.801978,-0.057265,-0.244043,0.355456,0.845942
3.466880,-0.052324,1.029768,-0.001644,0.021010,0.014057,0.999679,-0.037325,-0.040707,-0.564857,0.229455,-0.026085,-0.097783,0.111845,0.145668,0.226788,-0.308598,0.065824,0.106305,0.292245,-0.344529,0.814676,-0.064941,-0.243921,0.355150,0.838864
3.498039,-0.051074,1.030453,-0.003239,0.021128,0.009818,0.999723,-0.036882,-0.046997,-0.557716,0.174803,-0.026137,-0.092386,0.110827,0.187841,0.225194,-0.312593,0.071192,0.114766,0.286317,-0.352005,0.834685,-0.069100,-0.241056,0.356012,0.837929
3.529864,-0.049256,1.028127,-0.004060,0.020410,0.005307,0.999769,-0.048491,-0.047508,-0.557343,0.198470,-0.010657,-0.083631,0.108323,0.224390,0.229762,-0.315182,0.076204,0.123932,0.276595,-0.358219,0.860387,-0.067415,-0.238789,0.357129,0.840000
3.562794,-0.046827,1.025203,-0.004102,0.018374,-0.000063,0.999823,-0.074592,-0.039909,-0.554584,0.250813,0.043275,-0.071223,0.103819,0.258886,0.242191,-0.303945,0.081135,0.134673,0.263325,-0.364196,0.890100,-0.057593,-0.237287,0.356238,0.843312
3.596736,-0.043880,1.021821,-0.003838,0.015112,-0.004425,0.999869,-0.092807,-0.037259,-0.537668,0.292844,0.099144,-0.057380,0.098907,0.289843,0.267032,-0.272336,0.084333,0.145662,0.248260,-0.373055,0.923766,-0.037891,-0.235127,0.349337,0.849417
3.631161,-0.040605,1.015296,-0.003022,0.011516,-0.006223,0.999910,-0.098308,-0.046244,-0.503317,0.337429,0.125796,-0.043169,0.093819,0.312089,0.311463,-0.219931,0.085196,0.153252,0.232951,-0.389091,0.962359,-0.009676,-0.232303,0.336483,0.861524
3.663800,-0.037137,1.019299,-0.002320,0.008283,-0.006559,0.999941,-0.096899,-0.056039,-0.478362,0.366070,0.115384,-0.032708,0.088308,0.303939,0.393893,-0.135453,0.084778,0.154373,0.221025,-0.414538,1.003246,0.020521,-0.230222,0.328419,0.880415
3.695205,-0.033489,1.024003,-0.000620,0.006104,-0.008509,0.999945,-0.093145,-0.068027,-0.447102,0.380972,0.085800,-0.031222,0.075859,0.257729,0.522128,-0.033161,0.084614,0.148061,0.212570,-0.448418,1.040062,0.044182,-0.237044,0.341473,0.899319
3.725166,-0.030123,1.028624,0.002363,0.005281,-0.013232,0.999896,-0.084427,-0.082120,-0.413659,0.386551,0.052407,-0.041592,0.053441,0.175455,0.689389,0.083798,0.085094,0.135190,0.206635,-0.486127,1.066573,0.058345,-0.259238,0.382698,0.906443
3.753831,-0.027258,1.032415,0.005590,0.005780,-0.018967,0.999788,-0.072622,-0.096007,-0.382611,0.389593,0.020226,-0.065675,0.025620,0.076715,0.856259,0.193580,0.085737,0.115700,0.202513,-0.521765,1.082303,0.067263,-0.293560,0.438554,0.894163
3.781740,-0.025066,1.035968,0.007640,0.006831,-0.022558,0.999693,-0.061318,-0.107175,-0.351290,0.389689,-0.012008,-0.091883,0.004344,-0.024718,0.997348,0.278416,0.084794,0.079838,0.196686,-0.546408,1.108072,0.075770,-0.322567,0.478697,0.870785
3.809013,-0.023602,1.038992,0.009429,0.008112,-0.022726,0.999664,-0.055055,-0.116869,-0.322725,0.392174,-0.043467,-0.106978,-0.003159,-0.128147,1.106696,0.276047,0.081017,0.057131,0.199874,-0.582489,1.094747,0.094432,-0.353716,0.493438,0.838894
3.836017,-0.022827,1.041452,0.010696,0.008766,-0.019748,0.999709,-0.052247,-0.124805,-0.292768,0.394180,-0.074131,-0.116804,-0.001152,-0.223175,1.176139,0.194684,0.074652,0.024616,0.203182,-0.611655,1.088306,0.118571,-0.364899,0.471765,0.816419
3.862976,-0.022701,1.043311,0.012151,0.008738,-0.014488,0.999783,-0.051088,-0.132171,-0.260598,0.395464,-0.104403,-0.123950,0.003002,-0.306332,1.197597,0.103082,0.066256,-0.009659,0.209692,-0.627489,1.092997,0.146828,-0.359971,0.423693,0.801525
3.889986,-0.022960,1.044805,0.012632,0.008147,-0.007562,0.999858,-0.051478,-0.136575,-0.223073,0.390197,-0.132765,-0.127325,0.008130,-0.373722,1.169524,0.021653,0.056559,-0.044074,0.208738,-0.628711,1.084249,0.169228,-0.335386,0.367250,0.796485
3.916748,-0.023448,1.045633,0.013384,0.007959,0.000377,0.999879,-0.054657,-0.140361,-0.187527,0.386227,-0.159937,-0.121261,0.012102,-0.430113,1.101140,-0.051534,0.046139,-0.073774,0.207618,-0.617049,1.062731,0.190347,-0.316882,0.308793,0.793223
3.943097,-0.023970,1.045924,0.013158,0.008456,0.008276,0.999843,-0.060069,-0.141169,-0.152475,0.378741,-0.183912,-0.117494,0.014583,-0.473936,0.998042,-0.109350,0.036401,-0.101065,0.211200,-0.592635,1.034105,0.205401,-0.298487,0.261614,0.792286
3.969038,-0.024474,1.045650,0.012950,0.009568,0.015390,0.999752,-0.066480,-0.141338,-0.117434,0.367077,-0.204556,-0.117309,0.016209,-0.507042,0.873024,-0.135556,0.027782,-0.123834,0.207539,-0.581309,0.996473,0.211547,-0.289384,0.243607,0.795123
3.994759,-0.024900,1.044942,0.013387,0.010902,0.021249,0.999625,-0.071930,-0.142612,-0.079959,0.348962,-0.221179,-0.124970,0.019875,-0.526858,0.732044,-0.137376,0.020601,-0.143609,0.207120,-0.569326,0.960320,0.210885,-0.285748,0.244170,0.804525
4.020426,-0.025165,1.044013,0.013538,0.012125,0.026228,0.999491,-0.075937,-0.143463,-0.037352,0.320874,-0.232154,-0.138914,0.031014,-0.535650,0.581593,-0.119911,0.014697,-0.159089,0.206616,-0.557504,0.926969,0.205678,-0.284354,0.255983,0.818026
4.046289,-0.025487,1.042532,0.014219,0.013065,0.031176,0.999327,-0.078823,-0.145189,0.007108,0.290361,-0.240267,-0.154928,0.045122,-0.531830,0.427435,-0.094096,0.009573,-0.170984,0.203991,-0.547519,0.898943,0.200509,-0.284446,0.269580,0.829954
4.072594,-0.026082,1.040314,0.015424,0.013680,0.036456,0.999123,-0.081656,-0.147390,0.050109,0.264643,-0.246950,-0.168385,0.058498,-0.519679,0.286549,-0.071366,0.004881,-0.180598,0.199150,-0.541053,0.878792,0.198221,-0.284228,0.278233,0.836350
4.099596,-0.027172,1.037187,0.017488,0.013751,0.042225,0.998860,-0.085099,-0.150456,0.089365,0.250687,-0.257577,-0.167608,0.063817,-0.517065,0.204024,-0.069605,-0.000057,-0.187719,0.192400,-0.538461,0.868171,0.199386,-0.283201,0.279800,0.837660
4.127217,-0.028845,1.034277,0.019754,0.013256,0.047096,0.998607,-0.088067,-0.153074,0.126046,0.246534,-0.269298,-0.165065,0.064911,-0.517443,0.186818,-0.075460,-0.004436,-0.190412,0.185550,-0.538429,0.866446,0.201442,-0.280077,0.276494,0.837712
4.155733,-0.031026,1.036266,0.019729,0.012309,0.050608,0.998448,-0.091459,-0.150357,0.168232,0.243974,-0.270260,-0.161635,0.065999,-0.505747,0.199891,-0.039917,-0.008200,-0.187406,0.182514,-0.540042,0.871348,0.200626,-0.271503,0.272204,0.840884
4.184709,-0.033718,1.034237,0.019578,0.010247,0.054097,0.998291,-0.095602,-0.147110,0.206629,0.245044,-0.263397,-0.156888,0.065113,-0.499772,0.245380,0.008405,-0.011895,-0.179047,0.180428,-0.544645,0.884036,0.198699,-0.262032,0.267762,0.848018
4.214338,-0.036816,1.028239,0.019085,0.007424,0.056771,0.998177,-0.100283,-0.143203,0.242967,0.254238,-0.245818,-0.152678,0.065676,-0.477095,0.279939,0.066483,-0.015278,-0.166094,0.179791,-0.552014,0.906313,0.195113,-0.252178,0.264575,0.859994
4.243900,-0.040330,1.026855,0.018780,0.004247,0.057757,0.998145,-0.105995,-0.140763,0.268555,0.281270,-0.209399,-0.149589,0.066847,-0.448323,0.310559,0.098400,-0.017868,-0.149134,0.180318,-0.561931,0.938556,0.189736,-0.242955,0.262769,0.875770
4.272128,-0.044147,1.031182,0.017158,0.001462,0.057946,0.998171,-0.115555,-0.137231,0.275695,0.329412,-0.149614,-0.143966,0.070650,-0.419955,0.328538,0.086192,-0.019885,-0.130396,0.184300,-0.576421,0.976873,0.182616,-0.232455,0.261761,0.892217
4.299654,-0.048323,1.036063,0.014614,-0.000729,0.059822,0.998102,-0.121680,-0.129003,0.261441,0.406208,-0.074395,-0.143102,0.077824,-0.382277,0.330454,0.058433,-0.022186,-0.113432,0.192100,-0.600467,1.015320,0.175650,-0.221936,0.260073,0.904667
4.325799,-0.052878,1.039498,0.011402,-0.002175,0.065037,0.997815,-0.111666,-0.110782,0.221357,0.516746,0.008564,-0.147791,0.087080,-0.342941,0.323962,0.031004,-0.025927,-0.101131,0.205446,-0.637214,1.047239,0.169043,-0.212400,0.257131,0.910637
4.350156,-0.057456,1.040689,0.006850,-0.002463,0.072774,0.997322,-0.087741,-0.082364,0.151089,0.660966,0.100194,-0.158995,0.100166,-0.310511,0.321226,0.003613,-0.030301,-0.092161,0.225705,-0.676598,1.065998,0.160096,-0.204841,0.246186,0.913152
4.373453,-0.061839,1.042133,0.002350,-0.002146,0.081494,0.996669,-0.046634,-0.045260,0.068195,0.813716,0.189080,-0.176461,0.114301,-0.281679,0.321641,-0.023780,-0.034412,-0.088433,0.254322,-0.723602,1.070488,0.151571,-0.195643,0.243749,0.907081
4.395951,-0.065829,1.042926,-0.002286,-0.001436,0.089416,0.995991,-0.000592,-0.008057,-0.019621,0.952568,0.266611,-0.193683,0.128669,-0.257136,0.327173,-0.051729,-0.036760,-0.087383,0.289528,-0.770978,1.062225,0.141003,-0.185609,0.254731,0.900990
4.418241,-0.069268,1.043709,-0.005897,-0.001268,0.094298,0.995526,0.030873,0.014364,-0.106580,1.067651,0.289216,-0.207242,0.140685,-0.230054,0.329927,-0.078849,-0.035622,-0.079339,0.319271,-0.790057,1.046070,0.129839,-0.186467,0.261303,0.915320
4.440423,-0.071946,1.044397,-0.008938,-0.001730,0.095666,0.995372,0.046124,0.020189,-0.187687,1.145873,0.221018,-0.215395,0.150685,-0.201773,0.332522,-0.104991,-0.030954,-0.062344,0.341101,-0.769917,1.028807,0.109502,-0.183576,0.266940,0.924297
4.462485,-0.073725,1.045061,-0.011156,-0.002642,0.093974,0.995509,0.058173,0.018809,-0.259583,1.180502,0.138538,-0.219135,0.157737,-0.171899,0.332827,-0.127893,-0.023677,-0.036055,0.351035,-0.714801,1.011157,0.088188,-0.180361,0.268627,0.933803
4.484210,-0.074637,1.045670,-0.012258,-0.003427,0.089604,0.995896,0.065071,0.013709,-0.318558,1.169098,0.045955,-0.218270,0.161201,-0.142257,0.330981,-0.148487,-0.013983,-0.005285,0.334340,-0.640067,0.996169,0.060835,-0.176761,0.254424,0.955205
4.505324,-0.074798,1.046169,-0.012514,-0.003544,0.083298,0.996440,0.065098,0.006618,-0.367572,1.116834,-0.045835,-0.213651,0.161816,-0.115032,0.328249,-0.167246,-0.002478,0.022561,0.326133,-0.562469,0.979246,0.044645,-0.174600,0.250042,0.951537
4.525667,-0.074342,1.046621,-0.012232,-0.002719,0.075904,0.997036,0.057040,0.001212,-0.405496,1.026696,-0.118001,-0.206919,0.160317,-0.089617,0.322392,-0.183095,0.009932,0.045230,0.323692,-0.504019,0.962900,0.039568,-0.177269,0.268344,0.920867
4.545220,-0.073453,1.047235,-0.011220,-0.001072,0.067668,0.997644,0.034257,-0.001757,-0.429980,0.901751,-0.152974,-0.199182,0.156460,-0.062359,0.306510,-0.192841,0.022715,0.060529,0.316322,-0.465858,0.952025,0.031751,-0.185247,0.284937,0.891085
4.564023,-0.072298,1.047910,-0.009665,0.001065,0.058579,0.998235,-0.004503,0.000507,-0.436561,0.744111,-0.164120,-0.190032,0.150818,-0.032709,0.280467,-0.195398,0.035161,0.069687,0.308167,-0.445865,0.947885,0.023547,-0.195188,0.302024,0.862401
4.582299,-0.070998,1.048253,-0.007820,0.003047,0.048127,0.998806,-0.063601,0.011217,-0.429808,0.572532,-0.134516,-0.178548,0.144069,-0.001095,0.248228,-0.192297,0.046975,0.076283,0.299281,-0.438090,0.949278,0.015208,-0.205125,0.319272,0.838757
4.600332,-0.069550,1.047004,-0.007116,0.004227,0.035662,0.999330,-0.156805,0.034429,-0.410220,0.422491,-0.041995,-0.162684,0.139104,0.027928,0.222824,-0.190024,0.058585,0.083009,0.291680,-0.437184,0.954033,0.006791,-0.211525,0.335315,0.824567
4.618311,-0.067846,1.040670,-0.008692,0.004123,0.023186,0.999685,-0.233901,0.051354,-0.376902,0.346795,0.062786,-0.144256,0.137934,0.050657,0.215253,-0.197843,0.067170,0.090061,0.287481,-0.440887,0.960919,-0.001182,-0.211765,0.348067,0.821879
4.634580,-0.065490,1.040287,-0.010642,0.003130,0.011507,0.999872,-0.256814,0.061954,-0.363021,0.359772,0.074499,-0.125524,0.137359,0.068508,0.219691,-0.202764,0.071593,0.095286,0.283263,-0.448725,0.970731,-0.008459,-0.208450,0.355786,0.828884
4.651250,-0.063291,1.040950,-0.012033,0.001738,-0.001204,0.999925,-0.247238,0.060620,-0.345357,0.373055,0.047344,-0.106541,0.135295,0.086890,0.223580,-0.200852,0.073694,0.098211,0.277010,-0.458488,0.983856,-0.015623,-0.203284,0.359289,0.844343
4.667556,-0.061084,1.044880,-0.011814,0.000293,-0.015081,0.999816,-0.226041,0.052722,-0.314300,0.358354,0.036215,-0.087130,0.129363,0.109402,0.220970,-0.185840,0.074219,0.098864,0.267099,-0.468905,0.999698,-0.022037,-0.198358,0.359494,0.866318
4.682746,-0.058749,1.048746,-0.011270,-0.000930,-0.028184,0.999539,-0.202633,0.043683,-0.276704,0.326066,0.035020,-0.069739,0.122556,0.128018,0.216239,-0.164480,0.072864,0.095983,0.257176,-0.481556,1.015958,-0.024888,-0.192982,0.356756,0.890565
4.697082,-0.056255,1.052626,-0.010822,-0.001468,-0.038545,0.999197,-0.182475,0.035247,-0.242003,0.293192,0.037958,-0.052532,0.115541,0.140325,0.217538,-0.141177,0.069789,0.086713,0.250669,-0.500272,1.029251,-0.021141,-0.188384,0.352235,0.909528
4.710738,-0.053580,1.056115,-0.010272,-0.001079,-0.045874,0.998894,-0.166276,0.026803,-0.213663,0.266226,0.040303,-0.037518,0.108185,0.147030,0.224475,-0.119697,0.066370,0.069643,0.249039,-0.526503,1.035986,-0.010137,-0.186896,0.350092,0.917657
4.723718,-0.050745,1.058852,-0.009681,-0.000078,-0.051044,0.998649,-0.155733,0.018908,-0.191541,0.247702,0.038417,-0.025255,0.100845,0.150630,0.234217,-0.102365,0.064113,0.046268,0.251653,-0.555214,1.035179,0.005502,-0.189126,0.355549,0.916830
4.735903,-0.047829,1.060724,-0.009305,0.000979,-0.054663,0.998461,-0.149573,0.011904,-0.174467,0.237251,0.031960,-0.016081,0.094334,0.154334,0.243057,-0.089328,0.063503,0.012356,0.250776,-0.569118,1.043879,0.019774,-0.187808,0.366695,0.917025
4.747206,-0.044912,1.061780,-0.009277,0.001730,-0.057149,0.998321,-0.144674,0.005774,-0.161292,0.233121,0.022666,-0.011351,0.088894,0.160413,0.248449,-0.081050,0.064101,-0.002762,0.259059,-0.582511,1.016026,0.035333,-0.202868,0.393975,0.918873
4.757643,-0.041977,1.062374,-0.009671,0.002055,-0.058671,0.998228,-0.139642,0.000445,-0.149831,0.231412,0.013222,-0.009623,0.084380,0.168906,0.250154,-0.074512,0.065200,-0.017087,0.268393,-0.570504,1.000556,0.044844,-0.206216,0.431684,0.925517
4.767254,-0.038996,1.062756,-0.010244,0.001914,-0.059569,0.998170,-0.135648,-0.004493,-0.138515,0.229886,0.004677,-0.008197,0.080348,0.179483,0.248357,-0.067957,0.066464,-0.030160,0.265382,-0.540978,0.980144,0.050724,-0.213301,0.462103,0.947350
4.776070,-0.035983,1.063013,-0.010763,0.001329,-0.060305,0.998121,-0.133390,-0.009414,-0.126636,0.227773,-0.003547,-0.006262,0.076362,0.191033,0.244817,-0.061088,0.067918,-0.039821,0.257572,-0.501623,0.958479,0.053256,-0.218817,0.487454,0.975496
4.784077,-0.032998,1.063181,-0.011235,0.000499,-0.061184,0.998063,-0.132061,-0.014194,-0.114252,0.224579,-0.011987,-0.003686,0.072497,0.202011,0.241530,-0.053789,0.069528,-0.047774,0.247931,-0.462587,0.937908,0.053333,-0.223058,0.509321,1.003361
4.791221,-0.030125,1.063291,-0.011724,-0.000311,-0.062333,0.997986,-0.130584,-0.018483,-0.102552,0.221129,-0.020453,-0.000508,0.069045,0.210261,0.241365,-0.046512,0.071064,-0.055387,0.238849,-0.431862,0.919861,0.051487,-0.226884,0.528043,1.025884
4.797481,-0.027418,1.063339,-0.012227,-0.000890,-0.063666,0.997896,-0.128146,-0.022140,-0.093069,0.219067,-0.029091,0.002798,0.066125,0.214594,0.245807,-0.039936,0.072160,-0.062961,0.231926,-0.413838,0.904956,0.048585,-0.230729,0.542050,1.039424
4.802944,-0.024861,1.063291,-0.012779,-0.001244,-0.064754,0.997819,-0.125264,-0.025109,-0.085713,0.218200,-0.037712,0.005312,0.063664,0.215798,0.254031,-0.034745,0.072559,-0.070611,0.227762,-0.409967,0.894221,0.045953,-0.234315,0.548673,1.042384
4.807753,-0.022380,1.063163,-0.013348,-0.001490,-0.065262,0.997778,-0.123562,-0.027619,-0.079278,0.217026,-0.045619,0.006547,0.061361,0.215239,0.264410,-0.030815,0.072242,-0.078558,0.226097,-0.419215,0.889375,0.044543,-0.236893,0.546130,1.035562
4.812044,-0.019896,1.063003,-0.013801,-0.001790,-0.065098,0.997782,-0.122723,-0.030516,-0.072741,0.214452,-0.052393,0.006890,0.058901,0.213963,0.275647,-0.027479,0.071367,-0.086730,0.226220,-0.438713,0.891828,0.044506,-0.237879,0.535009,1.021235
4.815882,-0.017402,1.062816,-0.014041,-0.002219,-0.064447,0.997820,-0.122904,-0.034042,-0.066166,0.211213,-0.058348,0.006949,0.056116,0.212423,0.287086,-0.024619,0.070350,-0.094772,0.226971,-0.464703,0.902110,0.045276,-0.237203,0.518258,1.002151
4.819300,-0.014937,1.062602,-0.014200,-0.002707,-0.063396,0.997884,-0.123787,-0.037671,-0.060415,0.208846,-0.063911,0.006939,0.053360,0.210663,0.298421,-0.022083,0.069542,-0.102442,0.227230,-0.493589,0.920162,0.045733,-0.235247,0.499922,0.981224
4.822346,-0.012534,1.062365,-0.014417,-0.003134,-0.062011,0.997966,-0.124611,-0.040968,-0.056337,0.208543,-0.069396,0.005488,0.050778,0.208638,0.309458,-0.019712,0.069102,-0.109198,0.226078,-0.522039,0.945589,0.044809,-0.232469,0.483074,0.960810
4.825060,-0.010184,1.062116,-0.014738,-0.003408,-0.060402,0.998059,-0.125321,-0.043829,-0.054132,0.210441,-0.075009,0.002940,0.048424,0.205908,0.320719,-0.017329,0.068935,-0.113979,0.223258,-0.547601,0.976583,0.042168,-0.229287,0.468977,0.941840
4.827477,-0.007883,1.061871,-0.015033,-0.003488,-0.058813,0.998150,-0.126250,-0.046514,-0.052913,0.212813,-0.080553,-0.000145,0.046005,0.201747,0.333274,-0.014931,0.068969,-0.115571,0.219161,-0.568849,1.009489,0.038230,-0.226368,0.457682,0.924182
4.829633,-0.005636,1.061664,-0.015193,-0.003390,-0.057381,0.998231,-0.127317,-0.049263,-0.051648,0.213754,-0.085310,-0.003295,0.043321,0.195633,0.348021,-0.012354,0.069200,-0.113591,0.214724,-0.586056,1.040173,0.033515,-0.224469,0.449138,0.908249
4.831573,-0.003447,1.061495,-0.015246,-0.003191,-0.056047,0.998307,-0.128635,-0.052058,-0.050423,0.213730,-0.089009,-0.006405,0.040435,0.187618,0.365249,-0.009575,0.069651,-0.108509,0.211097,-0.600897,1.065836,0.028443,-0.223830,0.442939,0.895268
4.833357,-0.001318,1.061306,-0.015275,-0.002953,-0.054584,0.998388,-0.130588,-0.054778,-0.050286,0.215123,-0.092536,-0.009664,0.037552,0.178181,0.384658,-0.006792,0.070333,-0.101328,0.209102,-0.615598,1.085913,0.023696,-0.224121,0.437879,0.885982
4.835064,0.000736,1.061056,-0.015307,-0.002700,-0.052820,0.998483,-0.133075,-0.057410,-0.051688,0.219141,-0.096783,-0.013388,0.034738,0.168020,0.405326,-0.003840,0.071246,-0.093056,0.208917,-0.631274,1.101144,0.020179,-0.225398,0.432570,0.880318
4.836762,0.002689,1.060751,-0.015281,-0.002465,-0.050809,0.998588,-0.135553,-0.060091,-0.053919,0.224799,-0.101646,-0.017351,0.031912,0.157780,0.426261,-0.000411,0.072389,-0.083671,0.210075,-0.647362,1.110178,0.019738,-0.234355,0.422032,0.879555
4.838481,0.004512,1.060425,-0.015209,-0.002328,-0.048708,0.998695,-0.137785,-0.062785,-0.055903,0.230545,-0.106599,-0.020808,0.029248,0.148065,0.446592,0.003618,0.073759,-0.076889,0.206098,-0.659568,1.108458,0.018572,-0.237012,0.416528,0.881128
4.840225,0.006192,1.060112,-0.015160,-0.002304,-0.046613,0.998795,-0.140107,-0.065311,-0.057171,0.235574,-0.111214,-0.023693,0.026922,0.139254,0.465713,0.008328,0.075292,-0.067422,0.208781,-0.666564,1.112035,0.017879,-0.239947,0.416534,0.884202
4.841978,0.007734,1.059845,-0.015237,-0.002336,-0.044440,0.998893,-0.142877,-0.067425,-0.057673,0.239479,-0.115196,-0.026632,0.025036,0.131311,0.483485,0.014213,0.076852,-0.058307,0.212217,-0.668997,1.115526,0.017753,-0.243587,0.419540,0.889585
4.843695,0.009141,1.059612,-0.015417,-0.002329,-0.042172,0.998989,-0.145895,-0.069123,-0.057791,0.242425,-0.118522,-0.030050,0.023481,0.123623,0.500576,0.020948,0.078264,-0.050092,0.215554,-0.667749,1.117789,0.018205,-0.247410,0.423317,0.897282
4.845308,0.010410,1.059352,-0.015576,-0.002204,-0.040020,0.999075,-0.148499,-0.070600,-0.058070,0.244973,-0.121437,-0.033849,0.021993,0.115341,0.518046,0.027195,0.079422,-0.043249,0.218621,-0.664191,1.118999,0.018882,-0.251122,0.426821,0.907117
4.846759,0.011560,1.059021,-0.015655,-0.001940,-0.038289,0.999142,-0.150099,-0.071980,-0.058802,0.247556,-0.124181,-0.037705,0.020417,0.106098,0.536226,0.031868,0.080341,-0.038144,0.221392,-0.659880,1.119674,0.019247,-0.254630,0.430238,0.918577
4.848024,0.012615,1.058625,-0.015699,-0.001562,-0.037196,0.999183,-0.150702,-0.073220,-0.060005,0.250339,-0.126705,-0.041393,0.018806,0.096064,0.554740,0.034779,0.081089,-0.034846,0.223914,-0.655457,1.120053,0.019028,-0.258008,0.434041,0.930758
4.849109,0.013592,1.058203,-0.015836,-0.001077,-0.036771,0.999198,-0.150711,-0.074098,-0.061455,0.253078,-0.129181,-0.044827,0.017479,0.085374,0.573373,0.037008,0.081731,-0.033156,0.226119,-0.650370,1.119987,0.018334,-0.261224,0.438281,0.942177
4.850020,0.014467,1.057784,-0.016101,-0.000436,-0.037130,0.999181,-0.149930,-0.074499,-0.063147,0.255623,-0.131587,-0.048752,0.016487,0.073553,0.592632,0.039433,0.082270,-0.032635,0.227758,-0.643682,1.119206,0.017302,-0.264343,0.442557,0.951083
4.850735,0.015198,1.057343,-0.016340,0.000425,-0.038330,0.999131,-0.147767,-0.074627,-0.065278,0.257920,-0.133874,-0.051789,0.015648,0.059443,0.614167,0.041979,0.082502,-0.032772,0.228393,-0.634984,1.117504,0.016211,-0.267510,0.445855,0.956057
4.851241,0.015744,1.056813,-0.016455,0.001471,-0.040365,0.999048,-0.143904,-0.074654,-0.067843,0.259905,-0.135979,-0.055061,0.014608,0.042933,0.638346,0.043011,0.082336,-0.033273,0.227883,-0.624966,1.114777,0.015612,-0.270504,0.446876,0.956632
4.851555,0.016063,1.056144,-0.016497,0.002621,-0.042800,0.998944,-0.138920,-0.074456,-0.070943,0.261932,-0.137949,-0.060663,0.013361,0.025146,0.663959,0.040996,0.081742,-0.034463,0.226645,-0.615603,1.111113,0.016367,-0.272830,0.444216,0.953017
4.851692,0.016112,1.055334,-0.016581,0.003864,-0.045044,0.998840,-0.134157,-0.073748,-0.074937,0.264686,-0.139985,-0.069644,0.012384,0.007307,0.689281,0.034507,0.080709,-0.036980,0.225770,-0.608939,1.107386,0.018880,-0.274055,0.437747,0.945899
4.851627,0.015870,1.054418,-0.016794,0.005234,-0.046628,0.998757,-0.130589,-0.072309,-0.079731,0.268049,-0.142112,-0.078871,0.012608,-0.010063,0.713066,0.020782,0.079153,-0.039735,0.230972,-0.606361,1.113770,0.023069,-0.273891,0.430230,0.934756
4.851315,0.015367,1.053506,-0.017103,0.006691,-0.047405,0.998707,-0.128483,-0.070276,-0.084736,0.271293,-0.144078,-0.083017,0.014514,-0.024581,0.731483,-0.005545,0.077102,-0.047042,0.231089,-0.605998,1.110483,0.027941,-0.273105,0.421487,0.923565
4.850764,0.014627,1.053058,-0.017222,0.008099,-0.047805,0.998675,-0.127490,-0.068296,-0.089471,0.274465,-0.145658,-0.083014,0.016720,-0.034125,0.740955,-0.047323,0.075043,-0.054854,0.230886,-0.605227,1.103678,0.032625,-0.271985,0.414388,0.913174
4.850935,0.013648,1.055815,-0.018136,0.009190,-0.047876,0.998646,-0.127310,-0.064929,-0.089273,0.272390,-0.143936,-0.083340,0.016181,-0.037043,0.733330,-0.093175,0.073411,-0.062800,0.231844,-0.602931,1.095159,0.036207,-0.268511,0.410726,0.905837
4.850960,0.012389,1.056808,-0.018711,0.010095,-0.047904,0.998626,-0.127505,-0.061841,-0.088298,0.268600,-0.142195,-0.086028,0.015438,-0.037255,0.702765,-0.135908,0.072212,-0.071452,0.231555,-0.598795,1.088080,0.036547,-0.257679,0.415345,0.902096
4.850893,0.010883,1.057408,-0.019507,0.010889,-0.047702,0.998612,-0.127947,-0.058050,-0.085501,0.261455,-0.139240,-0.096588,0.011317,-0.034993,0.655515,-0.172351,0.071582,-0.079743,0.232272,-0.595018,1.079949,0.037197,-0.254259,0.416432,0.901748
4.850673,0.009134,1.057936,-0.020366,0.011753,-0.047057,0.998615,-0.128895,-0.053867,-0.081646,0.251506,-0.134896,-0.109182,0.007690,-0.031361,0.595530,-0.200736,0.070957,-0.088125,0.233023,-0.592168,1.072370,0.037530,-0.251416,0.415722,0.902953
4.850159,0.007076,1.058285,-0.020439,0.012820,-0.046204,0.998641,-0.130400,-0.050791,-0.080069,0.243907,-0.131038,-0.115659,0.005012,-0.030444,0.534669,-0.225299,0.069996,-0.096347,0.232534,-0.589956,1.066442,0.037205,-0.249866,0.414036,0.905129
4.849322,0.004743,1.058495,-0.020362,0.014027,-0.045264,0.998669,-0.132847,-0.047643,-0.079562,0.237083,-0.127503,-0.111683,0.004249,-0.037144,0.485322,-0.239230,0.068742,-0.104084,0.231729,-0.587912,1.062020,0.035889,-0.248701,0.412112,0.908017
4.848098,0.002073,1.058467,-0.019658,0.015465,-0.044489,0.998697,-0.135868,-0.045213,-0.081935,0.233559,-0.125024,-0.096413,0.003732,-0.049951,0.452093,-0.249516,0.067368,-0.110761,0.230329,-0.585713,1.058326,0.033701,-0.248787,0.410042,0.910496
4.846535,-0.001023,1.058122,-0.018067,0.017129,-0.043831,0.998729,-0.138703,-0.043903,-0.087923,0.234497,-0.124082,-0.070511,0.001782,-0.069889,0.436285,-0.260779,0.065928,-0.115818,0.228352,-0.582657,1.054792,0.031291,-0.250427,0.407506,0.911350
4.844817,-0.004587,1.057452,-0.016242,0.018765,-0.043033,0.998765,-0.141279,-0.042453,-0.094652,0.236050,-0.123479,-0.036470,-0.001376,-0.094824,0.433675,-0.260547,0.064383,-0.119237,0.229837,-0.572970,1.056202,0.029562,-0.250701,0.401286,0.911605
4.843138,-0.008673,1.055985,-0.014288,0.020010,-0.041417,0.998839,-0.144694,-0.040627,-0.100699,0.237015,-0.123012,0.005683,-0.003834,-0.118067,0.434949,-0.251545,0.062466,-0.120995,0.227250,-0.568662,1.053691,0.028587,-0.252416,0.397762,0.909813
4.841614,-0.013259,1.051969,-0.012764,0.020620,-0.038587,0.998961,-0.149800,-0.037190,-0.104268,0.234706,-0.122756,0.042992,-0.002226,-0.129453,0.431704,-0.236582,0.060676,-0.122025,0.224829,-0.569472,1.051783,0.029392,-0.253934,0.395144,0.907330
4.840143,-0.018396,1.050375,-0.011350,0.020576,-0.034567,0.999126,-0.156326,-0.033449,-0.105609,0.231603,-0.120929,0.060710,-0.001625,-0.128882,0.426389,-0.233770,0.059483,-0.122696,0.219394,-0.580709,1.047239,0.032120,-0.256617,0.395131,0.903480
4.838874,-0.024051,1.046848,-0.010432,0.019974,-0.030027,0.999295,-0.163748,-0.028052,-0.104357,0.225491,-0.119984,0.055646,0.006125,-0.117543,0.401233,-0.237571,0.059010,-0.122624,0.218959,-0.589688,1.049012,0.036532,-0.256028,0.392107,0.900989
4.838464,-0.029761,1.046687,-0.009962,0.018909,-0.026224,0.999428,-0.170921,-0.022578,-0.098586,0.218146,-0.116170,0.039740,0.013127,-0.094511,0.362872,-0.235213,0.058910,-0.119998,0.219864,-0.595357,1.053035,0.039417,-0.252832,0.390275,0.901792
4.838178,-0.035719,1.047125,-0.009555,0.017570,-0.024671,0.999496,-0.175456,-0.017113,-0.090758,0.211284,-0.112429,0.022952,0.020323,-0.067561,0.316944,-0.226329,0.059153,-0.113099,0.221156,-0.596109,1.057588,0.037701,-0.248726,0.393814,0.908152
4.837700,-0.041892,1.047543,-0.008837,0.016191,-0.025675,0.999500,-0.176278,-0.012184,-0.083211,0.206548,-0.110043,0.017578,0.026188,-0.043763,0.275786,-0.215051,0.059308,-0.101459,0.221893,-0.591874,1.062056,0.030555,-0.245100,0.403642,0.919950
4.837012,-0.048191,1.047791,-0.007792,0.014902,-0.028811,0.999443,-0.173792,-0.007823,-0.077074,0.204467,-0.109148,0.020496,0.030861,-0.026189,0.244879,-0.204710,0.059381,-0.086181,0.221422,-0.585240,1.066505,0.020127,-0.242186,0.416704,0.933759
4.836167,-0.054564,1.047886,-0.006424,0.013827,-0.033058,0.999337,-0.169352,-0.003973,-0.072931,0.204832,-0.109300,0.025314,0.034690,-0.013852,0.222392,-0.196217,0.059118,-0.069871,0.219404,-0.580759,1.071423,0.009755,-0.240482,0.428076,0.944922
4.835189,-0.061034,1.047880,-0.004900,0.013050,-0.037203,0.999210,-0.164241,-0.000214,-0.070346,0.205990,-0.109587,0.030372,0.038430,-0.004534,0.204723,-0.189825,0.057982,-0.055360,0.215951,-0.583442,1.076054,0.003147,-0.246002,0.430482,0.954466
4.834070,-0.067577,1.047801,-0.003349,0.012534,-0.040328,0.999102,-0.159768,0.003743,-0.068630,0.206535,-0.109310,0.034766,0.042376,0.002981,0.190119,-0.185588,0.055753,-0.048340,0.205776,-0.595506,1.079433,-0.002261,-0.243807,0.428699,0.956393
4.832768,-0.074084,1.047705,-0.001798,0.012178,-0.041981,0.999043,-0.157426,0.007819,-0.067844,0.206919,-0.108592,0.036975,0.046389,0.008373,0.179108,-0.182012,0.052667,-0.045748,0.202511,-0.613032,1.094008,-0.003993,-0.240369,0.422530,0.952695
4.831226,-0.080411,1.047629,-0.000100,0.011956,-0.042053,0.999044,-0.158096,0.011531,-0.069282,0.209378,-0.107673,0.036238,0.049946,0.011103,0.172312,-0.178860,0.049031,-0.049397,0.200765,-0.634797,1.112511,-0.002722,-0.236298,0.412138,0.947343
4.829473,-0.086430,1.047573,0.001896,0.011880,-0.040683,0.999100,-0.161264,0.014339,-0.074016,0.215778,-0.106718,0.032565,0.052543,0.010647,0.170621,-0.176969,0.045168,-0.057408,0.199889,-0.656977,1.129217,0.000359,-0.232259,0.400039,0.943264
4.827608,-0.092060,1.047538,0.004172,0.011971,-0.038172,0.999191,-0.165835,0.016128,-0.082041,0.226366,-0.105658,0.026204,0.054133,0.007551,0.173096,-0.176475,0.041484,-0.067156,0.199718,-0.674259,1.139125,0.003904,-0.228879,0.389611,0.942602
4.825714,-0.097267,1.047526,0.006636,0.012287,-0.034783,0.999297,-0.171247,0.017049,-0.092379,0.239559,-0.104384,0.017920,0.054888,0.002831,0.177722,-0.176861,0.038500,-0.076611,0.200206,-0.682281,1.138665,0.006849,-0.226652,0.383614,0.946353
4.823796,-0.102035,1.047559,0.009209,0.012806,-0.030802,0.999401,-0.177009,0.017249,-0.103919,0.253415,-0.102361,0.008896,0.054963,-0.002236,0.182097,-0.177297,0.036489,-0.084522,0.202015,-0.679455,1.126641,0.008491,-0.225830,0.383542,0.954349
4.821816,-0.106348,1.047637,0.011878,0.013419,-0.026514,0.999488,-0.182328,0.016668,-0.116192,0.267325,-0.099402,-0.000119,0.054344,-0.006875,0.185039,-0.177357,0.035391,-0.089691,0.211322,-0.664172,1.108592,0.008497,-0.226743,0.390967,0.963977
4.819744,-0.110227,1.047724,0.014651,0.014058,-0.022232,0.999547,-0.186104,0.015233,-0.129329,0.281799,-0.095879,-0.008706,0.053041,-0.011624,0.187727,-0.177532,0.034929,-0.093411,0.213436,-0.641542,1.080266,0.004086,-0.222720,0.404889,0.969794
4.817580,-0.113708,1.047796,0.017499,0.014755,-0.018176,0.999573,-0.187460,0.012972,-0.143582,0.297318,-0.092250,-0.016619,0.051171,-0.017587,0.192136,-0.178428,0.034800,-0.093824,0.211360,-0.609786,1.048296,0.002139,-0.227744,0.414745,0.990821
4.815378,-0.116840,1.047907,0.020326,0.015585,-0.014441,0.999568,-0.186575,0.010200,-0.158816,0.313878,-0.088913,-0.023649,0.049039,-0.025059,0.198832,-0.180206,0.034730,-0.094686,0.212421,-0.588259,1.011755,-0.002618,-0.229941,0.432259,0.996433
4.813236,-0.119676,1.048478,0.023043,0.016528,-0.010948,0.999538,-0.184606,0.007407,-0.173601,0.329719,-0.085466,-0.029988,0.046912,-0.032623,0.205763,-0.181748,0.034563,-0.094908,0.211840,-0.569086,0.979041,-0.005916,-0.234746,0.445355,1.004310
4.811272,-0.122468,1.051939,0.025700,0.017495,-0.007778,0.999486,-0.182548,0.007103,-0.185700,0.345079,-0.080806,-0.035743,0.044977,-0.038888,0.211178,-0.180802,0.034182,-0.095489,0.210260,-0.554609,0.952475,-0.008942,-0.239317,0.453170,1.010407
4.809173,-0.124660,1.053003,0.028356,0.018455,-0.005159,0.999414,-0.180172,0.003784,-0.196095,0.353818,-0.076393,-0.040507,0.042217,-0.044794,0.214657,-0.180375,0.033592,-0.096887,0.208370,-0.546342,0.933720,-0.011513,-0.243306,0.455650,1.013720
4.807029,-0.126476,1.053523,0.031047,0.019467,-0.003231,0.999323,-0.176802,-0.000507,-0.204383,0.357886,-0.071533,-0.043695,0.038861,-0.051249,0.218097,-0.179840,0.032827,-0.099025,0.206746,-0.544229,0.922970,-0.013807,-0.246661,0.453584,1.014123
4.804845,-0.127984,1.053911,0.033761,0.020659,-0.001940,0.999215,-0.173520,-0.004950,-0.211251,0.358600,-0.066162,-0.045353,0.035076,-0.058807,0.222432,-0.179421,0.031947,-0.101570,0.205836,-0.547045,0.919032,-0.016370,-0.249337,0.448396,1.011852
4.802615,-0.129217,1.054237,0.036344,0.022084,-0.000870,0.999095,-0.172418,-0.008597,-0.217340,0.356927,-0.060640,-0.046593,0.031232,-0.066964,0.226921,-0.179055,0.030928,-0.104205,0.205966,-0.553243,0.920155,-0.019576,-0.251228,0.441618,1.007559
4.800371,-0.130227,1.054496,0.038820,0.023687,0.000536,0.998965,-0.171142,-0.012088,-0.222806,0.353504,-0.056506,-0.048785,0.027338,-0.074752,0.230042,-0.178287,0.029493,-0.106576,0.206950,-0.561311,0.924817,-0.023356,-0.252549,0.434536,1.002129
4.798163,-0.131081,1.054633,0.041179,0.025393,0.002562,0.998826,-0.164507,-0.016714,-0.228518,0.351363,-0.057462,-0.052455,0.023486,-0.082183,0.232067,-0.177177,0.027481,-0.108188,0.208626,-0.569811,0.931758,-0.027328,-0.253421,0.427933,0.996385
4.796063,-0.131829,1.054701,0.043154,0.027152,0.005023,0.998687,-0.150686,-0.022289,-0.233310,0.350496,-0.065598,-0.057288,0.020259,-0.090229,0.235179,-0.176458,0.025176,-0.108430,0.211405,-0.577602,0.939350,-0.031231,-0.253619,0.422336,0.991048
4.794185,-0.132620,1.055350,0.045086,0.028911,0.007867,0.998534,-0.129738,-0.029198,-0.239438,0.355082,-0.076191,-0.063352,0.017199,-0.097970,0.238276,-0.175458,0.022914,-0.107204,0.214601,-0.584290,0.946443,-0.034939,-0.253717,0.418061,0.986505
4.792136,-0.133139,1.059052,0.046775,0.030521,0.011181,0.998376,-0.102101,-0.031557,-0.248406,0.370522,-0.095368,-0.070465,0.014696,-0.105362,0.242363,-0.173633,0.020919,-0.104517,0.218504,-0.589907,0.951897,-0.038329,-0.253973,0.415470,0.984303
4.790163,-0.133590,1.060136,0.047896,0.031776,0.015283,0.998230,-0.066880,-0.038030,-0.256962,0.404270,-0.111496,-0.078542,0.013112,-0.112848,0.248125,-0.174366,0.019013,-0.100073,0.223046,-0.596007,0.953774,-0.039539,-0.258562,0.413725,0.996941
4.788286,-0.134013,1.060313,0.048540,0.032602,0.020168,0.998085,-0.025912,-0.043666,-0.263409,0.447477,-0.123805,-0.087643,0.012436,-0.119724,0.254943,-0.176623,0.017314,-0.097109,0.222771,-0.597037,0.959384,-0.053519,-0.256857,0.407401,1.022399
4.786486,-0.134395,1.060041,0.048466,0.033017,0.026146,0.997937,0.019889,-0.046048,-0.270206,0.501442,-0.132164,-0.098274,0.013144,-0.126332,0.263753,-0.180497,0.015792,-0.093341,0.227819,-0.595229,0.963831,-0.059565,-0.256830,0.402337,1.037781
4.784729,-0.134724,1.059510,0.047747,0.033272,0.033739,0.997735,0.066448,-0.045089,-0.281289,0.565944,-0.135452,-0.111378,0.015117,-0.132521,0.273305,-0.185443,0.014499,-0.090097,0.235432,-0.595830,0.965367,-0.061268,-0.253166,0.400687,1.045420
4.783019,-0.134976,1.058850,0.046460,0.033556,0.043718,0.997399,0.116574,-0.041584,-0.295339,0.634903,-0.132057,-0.127906,0.018179,-0.137648,0.281756,-0.190625,0.012939,-0.088240,0.243620,-0.596554,0.965854,-0.059429,-0.248742,0.398137,1.050346
4.781433,-0.135099,1.058165,0.045004,0.033784,0.056083,0.996839,0.171503,-0.036127,-0.310197,0.701101,-0.126304,-0.147758,0.021425,-0.140828,0.287835,-0.195450,0.010844,-0.087723,0.251039,-0.596591,0.966285,-0.055022,-0.243885,0.394174,1.054262
4.780074,-0.134979,1.057538,0.044011,0.033714,0.069634,0.996031,0.222532,-0.029047,-0.322986,0.756712,-0.122880,-0.168904,0.023293,-0.141739,0.291684,-0.199840,0.008736,-0.088165,0.256768,-0.596501,0.967163,-0.049708,-0.239116,0.391340,1.058187
4.778996,-0.134449,1.057011,0.043719,0.033212,0.083324,0.995009,0.266236,-0.020434,-0.328171,0.790252,-0.122259,-0.189908,0.022977,-0.141194,0.295006,-0.204197,0.007094,-0.089560,0.262413,-0.600440,0.967070,-0.045208,-0.231311,0.397234,1.062408
4.778250,-0.133393,1.056666,0.044339,0.032362,0.096617,0.993807,0.297551,-0.012820,-0.325894,0.796567,-0.114862,-0.211040,0.019973,-0.138607,0.296019,-0.207811,0.006748,-0.091969,0.264627,-0.600509,0.969177,-0.041990,-0.229291,0.403047,1.067141
4.777785,-0.131720,1.056382,0.044868,0.031298,0.110133,0.992410,0.322628,-0.006736,-0.313169,0.772275,-0.121572,-0.232927,0.016165,-0.135474,0.297485,-0.211502,0.007664,-0.095455,0.265917,-0.593910,0.973712,-0.042969,-0.221750,0.407734,1.057972
4.777650,-0.129560,1.056343,0.046388,0.030224,0.124298,0.990699,0.350319,-0.003742,-0.290275,0.716559,-0.131628,-0.257225,0.009782,-0.128066,0.290957,-0.212458,0.009364,-0.094019,0.268743,-0.587568,0.969046,-0.021353,-0.225951,0.417853,1.032570
4.777745,-0.126877,1.056215,0.047918,0.029239,0.139359,0.988650,0.386025,-0.003982,-0.258861,0.632988,-0.135977,-0.283697,0.002691,-0.118072,0.279428,-0.211431,0.011019,-0.092929,0.264045,-0.576068,0.964452,-0.009428,-0.230809,0.421969,1.023162
4.777919,-0.123670,1.055186,0.049249,0.028383,0.157051,0.985953,0.412085,-0.009123,-0.220345,0.530387,-0.131193,-0.315065,-0.004722,-0.106599,0.264302,-0.209237,0.009357,-0.092200,0.256391,-0.563815,0.960477,-0.000126,-0.235791,0.422678,1.018193
4.778020,-0.119885,1.050759,0.050045,0.027435,0.179102,0.982174,0.415125,-0.021040,-0.177744,0.429713,-0.101504,-0.353367,-0.012363,-0.094434,0.247679,-0.208174,0.002211,-0.092617,0.247896,-0.555897,0.958231,0.009309,-0.241099,0.420485,1.013019
4.778558,-0.116176,1.049763,0.050214,0.026253,0.199339,0.978291,0.415038,-0.028047,-0.140503,0.342862,-0.073405,-0.387937,-0.018957,-0.080457,0.230305,-0.205075,-0.000423,-0.094415,0.239444,-0.555076,0.958762,0.019610,-0.246648,0.415599,1.007319
4.779076,-0.111659,1.046131,0.049111,0.024380,0.214529,0.975177,0.412970,-0.033604,-0.109374,0.281112,-0.065578,-0.407600,-0.024952,-0.066068,0.216185,-0.205558,0.006285,-0.096302,0.233237,-0.560660,0.961823,0.029721,-0.250787,0.409736,1.003862
4.780231,-0.106928,1.045626,0.047990,0.021911,0.226317,0.972624,0.408317,-0.032866,-0.082041,0.235960,-0.058069,-0.414171,-0.030758,-0.048393,0.202617,-0.202913,0.017954,-0.096538,0.228087,-0.569129,0.966803,0.037067,-0.254274,0.405098,1.005551
4.781350,-0.101864,1.045420,0.046671,0.019141,0.235081,0.970666,0.405247,-0.030735,-0.058892,0.200861,-0.049472,-0.415245,-0.036271,-0.031593,0.192750,-0.200319,0.032499,-0.093953,0.224513,-0.575740,0.972501,0.040057,-0.256395,0.402866,1.013217
4.782197,-0.096426,1.045200,0.045275,0.016509,0.241840,0.969119,0.402790,-0.029010,-0.041027,0.175858,-0.042288,-0.415432,-0.041796,-0.017590,0.186582,-0.198383,0.048581,-0.088781,0.221942,-0.577721,0.978436,0.039529,-0.257149,0.401791,1.023426
4.782704,-0.090784,1.044936,0.043806,0.014178,0.247540,0.967783,0.398084,-0.027959,-0.029416,0.161911,-0.038705,-0.415476,-0.047190,-0.005368,0.181424,-0.196473,0.065446,-0.082461,0.219870,-0.575691,0.985501,0.037726,-0.256830,0.400190,1.030576
4.782939,-0.085132,1.044622,0.042133,0.012061,0.252943,0.966488,0.390164,-0.027043,-0.023094,0.156710,-0.038765,-0.415168,-0.051969,0.006410,0.175813,-0.194335,0.082159,-0.076790,0.218438,-0.572588,0.995417,0.036241,-0.255814,0.397901,1.030781
4.783063,-0.079568,1.044238,0.040283,0.010119,0.258264,0.965181,0.383028,-0.026195,-0.019935,0.156133,-0.041948,-0.415285,-0.056074,0.018035,0.169648,-0.192155,0.098375,-0.073082,0.217574,-0.571126,1.009510,0.035116,-0.254702,0.396276,1.023937
4.783136,-0.074147,1.043788,0.038355,0.008297,0.263651,0.963820,0.375469,-0.025296,-0.018614,0.158115,-0.046695,-0.415379,-0.059693,0.029308,0.164043,-0.190528,0.113952,-0.071488,0.217008,-0.572161,1.027448,0.033553,-0.253857,0.396472,1.013049
4.783146,-0.068887,1.043292,0.036474,0.006509,0.269218,0.962366,0.366949,-0.024426,-0.017923,0.160834,-0.051654,-0.415442,-0.063114,0.039798,0.160098,-0.189893,0.128843,-0.071159,0.216414,-0.574706,1.047274,0.030908,-0.253290,0.397815,1.002415
4.783055,-0.063798,1.042795,0.034758,0.004781,0.274974,0.960811,0.357995,-0.023840,-0.016891,0.162549,-0.055738,-0.415485,-0.066550,0.049178,0.157959,-0.190194,0.143082,-0.070506,0.213852,-0.572439,1.067968,0.027496,-0.254584,0.393865,1.002266
4.782828,-0.058878,1.042348,0.033247,0.003216,0.280825,0.959178,0.349275,-0.023778,-0.014991,0.162045,-0.058502,-0.415517,-0.070031,0.057382,0.156939,-0.190958,0.156851,-0.069677,0.213379,-0.572685,1.083069,0.022065,-0.252177,0.393339,0.997515
4.782453,-0.054121,1.041986,0.031906,0.001937,0.286616,0.957512,0.340814,-0.024314,-0.012638,0.159776,-0.060072,-0.415541,-0.073465,0.064619,0.155951,-0.191566,0.170348,-0.068418,0.216138,-0.577862,1.090461,0.015265,-0.247448,0.398940,0.982918
4.781936,-0.049509,1.041713,0.030708,0.000975,0.292289,0.955836,0.332444,-0.025442,-0.010658,0.157265,-0.061099,-0.415558,-0.076847,0.071237,0.154231,-0.191615,0.183740,-0.065714,0.218144,-0.578807,1.094115,0.009472,-0.245433,0.402752,0.975532
4.781286,-0.045001,1.041504,0.029643,0.000266,0.297772,0.954177,0.324285,-0.027102,-0.009490,0.155680,-0.062228,-0.415572,-0.080278,0.077361,0.151869,-0.191117,0.197027,-0.062053,0.219352,-0.575737,1.094421,0.002914,-0.244177,0.407421,0.971778
4.780518,-0.040556,1.041319,0.028755,-0.000218,0.302926,0.952580,0.316524,-0.029354,-0.009142,0.155478,-0.063871,-0.415581,-0.083946,0.082688,0.149572,-0.190580,0.210046,-0.056847,0.219851,-0.570633,1.090768,-0.003509,-0.249780,0.409988,0.976574
4.779629,-0.036150,1.041138,0.028023,-0.000513,0.307575,0.951111,0.309225,-0.032125,-0.009465,0.156630,-0.066165,-0.415586,-0.087860,0.086801,0.148139,-0.190384,0.222514,-0.051814,0.219283,-0.563418,1.087734,-0.012751,-0.249410,0.418662,0.978849
4.778625,-0.031803,1.040956,0.027502,-0.000701,0.311651,0.949798,0.302514,-0.035360,-0.010015,0.158652,-0.068935,-0.415590,-0.092074,0.089608,0.147887,-0.190558,0.234229,-0.046897,0.217567,-0.555750,1.084312,-0.022917,-0.248875,0.430747,0.982046
4.777528,-0.027493,1.040786,0.027126,-0.000846,0.315177,0.948645,0.296613,-0.038887,-0.010228,0.160635,-0.071827,-0.415595,-0.096515,0.091346,0.148680,-0.190925,0.245135,-0.044257,0.208784,-0.549357,1.074252,-0.033424,-0.248209,0.443140,0.986928