-1.1300000000e-01,1.9200000000e-01,9.4600000000e-01,7.2637471022e-02,-6.2727084149e-03,2.0695772455e-02,9.9712393208e-01,0.0000000000e+00,1.4751547038e-01,-5.2993135889e-02,4.2516724739e-02,2.5246759582e-01,-4.4119094077e-02,-1.3521170732e-01,-1.2143411150e-01,2.5367351916e-02,1.1072066202e-01,4.6973526132e-02,5.7790829268e-02,6.0229359582e-01,1.6946365854e-01,6.1760278746e-01,-1.6177874564e-01,6.3357379791e-01,1.5434606272e-01,3.4460139373e-01
-1.3029268293e-01,8.6414634146e-02,9.8868292683e-01,5.2660214012e-03,1.0858015222e-02,9.7430880346e-04,9.9992670894e-01,0.0000000000e+00,1.0517226481e-01,-1.0713965157e-01,-8.2644599303e-03,3.2917839721e-01,4.9521296167e-01,-1.4529951220e-01,-1.4562940767e-01,1.7382815331e-01,5.9849059233e-02,3.6179066202e-02,-3.0386000000e-02,3.5306951916e-01,-7.2536585366e-04,4.2914982578e-01,-1.9429965157e-01,3.2514383275e-01,5.1818815331e-04,2.8064320557e-01
-1.4551219512e-01,1.4359268293e-02,1.0021951220e+00,-3.1650635407e-02,1.8404951727e-02,-4.9530025032e-03,9.9931724832e-01,0.0000000000e+00,8.7656236934e-02,-1.5060759582e-01,5.7515679443e-03,3.2909825784e-01,5.2000000000e-01,-1.4829463415e-01,-1.2279979094e-01,1.4252606272e-01,5.8758118467e-02,3.2436278746e-02,-1.4602087805e-01,1.0065401394e-01,-4.0835121951e-02,4.4154355401e-01,-2.2437979094e-01,3.5733031359e-02,-5.1133379791e-02,4.1060836237e-01
-1.5992682927e-01,4.2951219512e-04,1.0300000000e+00,-4.7500499493e-02,1.8405951653e-02,1.3209529046e-03,9.9870074526e-01,0.0000000000e+00,8.3613658537e-02,-1.5511505226e-01,-3.8442508711e-03,2.6897491289e-01,5.2000000000e-01,-1.1540745645e-01,-8.0324529617e-02,3.3066118467e-02,6.7625226481e-02,2.4082348432e-02,-1.8226746341e-01,-8.2445463415e-02,-5.6059233449e-02,4.1073310105e-01,-1.9533728223e-01,-1.3819310105e-01,-8.2065783972e-02,4.6622996516e-01
-1.9534146341e-01,-5.7343902439e-03,1.0026829268e+00,-3.7358391152e-02,1.1996802726e-02,6.8951906699e-03,9.9920612672e-01,0.0000000000e+00,7.3760348432e-02,-1.4220188153e-01,1.2080209059e-02,2.1204668990e-01,5.2000000000e-01,-6.3172682927e-02,-2.8895261324e-02,-2.5014648084e-02,9.2885505226e-02,1.2091651568e-02,-1.4086759582e-01,-1.2476675261e-01,-8.0149749129e-02,3.2732334495e-01,-1.3953491289e-01,-1.4965456446e-01,-1.1172498258e-01,4.0756027875e-01
-2.1856097561e-01,1.5972439024e-02,1.0300000000e+00,-7.5825894977e-03,3.3820055911e-03,5.4400147826e-03,9.9995073509e-01,0.0000000000e+00,5.4280564460e-02,-7.3566968641e-02,1.0746411150e-02,1.8766480836e-01,5.2000000000e-01,-2.9111846690e-02,5.5311707317e-02,-2.6304926829e-02,1.1107080139e-01,9.1248571429e-03,-9.4119094077e-02,-1.3423074564e-01,-6.5212362369e-02,2.9776794425e-01,-9.6410731707e-02,-1.4465024390e-01,-8.8621254355e-02,3.7565993031e-01
-2.4453658537e-01,4.3587804878e-02,1.0321951220e+00,2.6367665142e-02,4.6770130633e-04,-5.9937288684e-04,9.9965202358e-01,0.0000000000e+00,2.3588125436e-02,-3.9394006969e-02,3.8674564460e-02,1.8498327526e-01,5.2000000000e-01,-2.8504945645e-02,1.2016174216e-01,-4.9333240418e-03,1.2784648084e-01,1.5342940767e-02,-6.0712961672e-02,-1.2553310105e-02,-2.4564174216e-02,3.5518745645e-01,-8.4484459930e-02,-2.3422439024e-02,-4.2268606272e-02,3.5847108014e-01
-2.6129268293e-01,4.6592682927e-02,1.0451219512e+00,3.4739851370e-02,3.8986373145e-03,-3.2282121088e-03,9.9938357101e-01,0.0000000000e+00,2.1074222997e-02,-6.4533240418e-02,1.1235233449e-01,1.6067163763e-01,5.2000000000e-01,-2.0092900348e-02,1.5154062718e-01,-2.4716285714e-02,1.2797505226e-01,2.6670320557e-02,-3.4613240418e-02,9.1771428571e-02,3.7138160279e-02,3.4913101045e-01,-7.7824529617e-02,8.4428432056e-02,1.1227184669e-02,3.3672891986e-01
-2.6946341463e-01,3.5646341463e-02,1.0500000000e+00,1.7018844262e-02,5.4413642870e-03,1.8119277542e-03,9.9983872070e-01,0.0000000000e+00,2.9403846690e-02,-5.3950662021e-02,1.3341870383e-01,9.3772682927e-02,5.2000000000e-01,-1.1583983972e-02,1.4678627178e-01,-3.5838850174e-02,1.0060585366e-01,2.9704459930e-02,-4.9749337979e-02,1.2851777003e-01,6.1090250871e-02,3.5743275261e-01,-9.4428710801e-02,1.1908278746e-01,2.4618682927e-02,3.4610034843e-01
-2.8663414634e-01,-7.1982926829e-03,1.0317073171e+00,-3.9758156397e-03,2.7993870307e-03,4.9706285670e-03,9.9997582429e-01,0.0000000000e+00,1.9946947735e-02,4.2580418118e-02,7.8629087108e-02,7.4065365854e-02,5.2000000000e-01,-2.2492273171e-02,1.3904066202e-01,-4.2777247387e-02,9.7240696864e-02,3.2055331010e-02,-7.4144181185e-02,1.2469337979e-01,6.0245505226e-02,4.1557351916e-01,-1.0854864111e-01,1.0921045296e-01,1.8482655052e-02,4.0475958188e-01
-2.9656097561e-01,-2.8731707317e-02,1.0400000000e+00,-1.9593443692e-02,1.5936809393e-03,4.9875437895e-03,9.9979431962e-01,0.0000000000e+00,-2.6077867596e-02,1.6328871080e-01,-3.3484710801e-02,9.8376167247e-02,5.2000000000e-01,-7.7417558885e-02,8.4038118467e-02,-9.5629616725e-03,1.0949303136e-01,3.9577142857e-02,-7.9879860627e-02,1.2890292683e-01,2.7853449477e-02,4.7147247387e-01,-8.9023554007e-02,1.1686773519e-01,-1.3563930314e-02,4.4403344948e-01
-3.1331707317e-01,-4.5056097561e-02,1.0400000000e+00,-2.1785770220e-02,7.1375864310e-03,-1.5952295304e-04,9.9973717027e-01,0.0000000000e+00,-6.1877728223e-02,1.8028613240e-01,-2.2516557491e-02,1.4018452962e-01,5.2000000000e-01,-1.2843735192e-01,-1.8035365854e-02,7.3887038328e-02,1.2062383275e-01,5.2720487805e-02,-5.8758048780e-02,1.2265191638e-01,2.3155261324e-02,4.2915749129e-01,-5.2789547038e-02,1.2094696864e-01,-1.8157567944e-02,4.3136376307e-01
-3.3100000000e-01,-4.0700000000e-02,1.0400000000e+00,-1.8323926554e-02,1.3918713373e-02,-3.5262153377e-03,9.9972899775e-01,0.0000000000e+00,-8.0759331010e-02,2.2178397213e-01,-1.0044345645e-01,1.3949602787e-01,5.2000000000e-01,-1.4724292683e-01,7.0069686411e-04,2.1036271777e-02,1.0252459930e-01,7.2150871080e-02,-4.9003832753e-02,8.0237839721e-02,1.1523832753e-02,4.0093658537e-01,-3.3149895470e-02,8.1467177700e-02,-2.2033602787e-02,4.1891637631e-01
-3.4873170732e-01,-3.1053658537e-02,1.0400000000e+00,-1.0684525481e-02,1.2442462818e-02,2.6153610627e-03,9.9986208345e-01,0.0000000000e+00,-7.9594912892e-02,2.3631498258e-01,-1.2788126829e-01,1.0761205575e-01,5.2000000000e-01,-1.1170745645e-01,1.6608588850e-01,-1.9470111498e-01,8.5772543554e-02,7.8126202091e-02,-7.2602439024e-02,-3.2961672474e-04,1.9782926829e-02,3.7818257840e-01,-5.0164878049e-02,-7.6970731707e-03,-4.7196655052e-03,4.2713588850e-01
-3.7500000000e-01,-6.2900000000e-03,1.0400000000e+00,-8.8850162452e-04,1.9519497842e-03,3.9064620072e-03,9.9999006996e-01,0.0000000000e+00,-8.3193658537e-02,2.4185156794e-01,-9.6550885017e-02,8.8848432056e-02,5.2000000000e-01,-4.7159735192e-02,2.8142871080e-01,-2.7374578397e-01,7.6204599303e-02,6.8498815331e-02,-8.2742090592e-02,-7.3393728223e-02,3.4322787456e-02,4.1375261324e-01,-6.7694411150e-02,-9.1436585366e-02,2.2956850174e-02,4.9318745645e-01
-4.0258536585e-01,2.3009756098e-02,1.0500000000e+00,1.1008197097e-02,-4.2040334113e-03,4.7882171729e-03,9.9991910607e-01,0.0000000000e+00,-5.2938327526e-02,1.8248682927e-01,2.5559428571e-02,7.8562857143e-02,5.2000000000e-01,4.3842369338e-03,2.2942236934e-01,-1.3129554007e-01,6.0433379791e-02,1.0614634146e-02,-4.2054773519e-02,-8.3980209059e-02,4.1355331010e-02,4.3572682927e-01,-4.1277965157e-02,-1.0052397213e-01,3.9506885017e-02,4.9916585366e-01
-4.2768292683e-01,3.4241463415e-02,1.0541463415e+00,1.3800940392e-02,-1.2055874212e-03,1.3597983853e-03,9.9990311108e-01,0.0000000000e+00,-2.6567386760e-03,1.2676139373e-01,7.1470160279e-02,8.3375261324e-02,5.2000000000e-01,2.3104543554e-02,1.6145899652e-01,-5.1802787456e-03,5.2849059233e-02,-5.2641463415e-02,9.9405777003e-03,-7.2148111498e-02,2.5981275261e-02,4.5277212544e-01,8.2827317073e-03,-8.0860418118e-02,2.7072404181e-02,4.7345296167e-01
-4.3785365854e-01,2.7509756098e-02,1.0600000000e+00,1.0278977034e-02,7.0051682896e-03,2.6739157317e-04,9.9992259638e-01,0.0000000000e+00,1.8115665505e-02,1.4653491289e-01,-1.2143777003e-02,6.7308292683e-02,5.2000000000e-01,1.4702111498e-02,1.1772951916e-01,1.5941045296e-02,5.9966689895e-02,-1.0457052265e-01,2.3207112892e-02,-2.6348668990e-02,2.1136536585e-02,4.2276655052e-01,4.5235484321e-02,-2.2473310105e-02,1.0819790941e-02,4.2172404181e-01
-4.5560975610e-01,1.2193170732e-02,1.0468292683e+00,3.0875421207e-03,7.0892068525e-03,-4.0886513960e-03,9.9996174585e-01,0.0000000000e+00,-1.0534717770e-02,2.3427010453e-01,-1.6699567944e-01,6.0358815331e-02,5.2000000000e-01,6.7809616725e-03,7.9681435540e-02,4.4899541847e-02,6.7020139373e-02,-1.2255052265e-01,8.4453428571e-03,3.9165477352e-02,1.3743296167e-02,4.2739930314e-01,5.2469839721e-02,4.9619721254e-02,-7.6616724739e-03,4.0485644599e-01
-4.6836585366e-01,-5.7412195122e-03,1.0600000000e+00,-7.5293135683e-03,1.7853328708e-03,-2.2727796672e-03,9.9996747772e-01,0.0000000000e+00,-6.5075693380e-02,2.7664780488e-01,-2.0280076655e-01,5.8718397213e-02,4.3679651568e-01,-2.6650975610e-02,4.9479554007e-02,3.9474445854e-02,9.3056167247e-02,-1.2931721254e-01,-2.7836745645e-03,8.5798648084e-02,-1.0869595819e-02,4.4237839721e-01,6.4960836237e-02,1.0550167247e-01,-3.9109198606e-02,4.0036027875e-01
-4.8612195122e-01,-2.9058536585e-02,1.0600000000e+00,-1.3350512418e-02,-1.6001928882e-03,-1.1010086303e-03,9.9990899135e-01,0.0000000000e+00,-1.1027841115e-01,2.0385226481e-01,-6.8379275261e-02,4.8217491289e-02,4.5733449477e-01,-6.6565365854e-02,1.7781783972e-02,1.8008031742e-02,1.0686968641e-01,-1.0506327526e-01,7.9528013937e-04,6.7249937282e-02,-3.4255101045e-02,4.0632961672e-01,8.7840696864e-02,9.7489268293e-02,-5.5665714286e-02,3.7446411150e-01
-5.0514634146e-01,-2.6102439024e-02,1.0600000000e+00,-8.3412670501e-03,3.9284789813e-03,-6.4404845875e-04,9.9995728685e-01,0.0000000000e+00,-1.3364915679e-01,1.6841533101e-01,7.5856724739e-03,5.2238815331e-02,5.2000000000e-01,-1.0703469686e-01,-6.2897560976e-03,5.9772333101e-03,1.0382808362e-01,-8.3668850174e-02,9.9452006969e-03,4.0253170732e-02,-5.9948327526e-02,3.6105087108e-01,1.0805389547e-01,8.4787944251e-02,-7.9735818815e-02,3.1508292683e-01
-5.1421951220e-01,-1.7175609756e-02,1.0600000000e+00,-4.0512113594e-03,9.5320672825e-03,-3.0009170924e-03,9.9994185925e-01,0.0000000000e+00,-8.6404801394e-02,1.4673170732e-01,9.2192613240e-03,5.5078257840e-02,5.2000000000e-01,-9.7894564460e-02,4.1296306620e-02,-4.0079970348e-02,7.5850522648e-02,-1.0046048780e-01,1.6059365854e-02,-5.3536236934e-02,-2.9998606272e-02,3.4706898955e-01,7.2120376307e-02,-2.8078745645e-03,-5.5934006969e-02,3.3055958188e-01
-5.3575609756e-01,1.6421951220e-02,1.0565853659e+00,1.1457053312e-04,7.4233122168e-03,-3.0025299939e-03,9.9996793255e-01,0.0000000000e+00,-1.9507623693e-02,1.2975463415e-01,2.0797519164e-02,6.7100905923e-02,5.2000000000e-01,-4.9779860627e-02,1.2656871080e-01,-7.5985644599e-02,6.7537282230e-02,-1.3715317073e-01,1.0284041812e-02,-1.5452857143e-01,2.3227735192e-02,3.9276585366e-01,1.1268947735e-02,-1.0580390244e-01,-1.2048829268e-02,4.2910662021e-01
-5.5090243902e-01,3.6134146341e-02,1.0500000000e+00,1.1399329440e-02,2.0083452013e-03,-3.6236746775e-03,9.9992644270e-01,0.0000000000e+00,3.6330529617e-02,1.0125149826e-01,3.1078006969e-02,8.6732613240e-02,5.2000000000e-01,1.3301254355e-02,1.7205811847e-01,-4.9932222997e-02,8.4569547038e-02,-1.6550494774e-01,1.4012822300e-02,-1.7611751220e-01,7.6452125436e-02,4.5008989547e-01,-2.9495930314e-02,-1.3970085017e-01,3.4831324042e-02,5.2266062718e-01
-5.6807317073e-01,4.6456097561e-02,1.0541463415e+00,2.1458167598e-02,5.3589527865e-04,-2.5073438707e-03,9.9976645927e-01,0.0000000000e+00,4.2711609756e-02,7.3658167247e-02,1.9452404181e-02,1.0593191638e-01,5.2000000000e-01,3.7703414634e-02,1.9418104530e-01,-2.7584139373e-02,1.2283902439e-01,-1.8153170732e-01,3.1766411150e-02,-8.3591205575e-02,6.1402578397e-02,4.8365644599e-01,-2.8076278746e-02,-6.4224822300e-02,1.4203937282e-02,4.7965783972e-01
-5.8170731707e-01,2.9109756098e-02,1.0690243902e+00,1.9077594242e-02,7.8064021658e-03,-1.2504952362e-03,9.9978674813e-01,0.0000000000e+00,4.3988536585e-02,3.1244738676e-03,1.1315254355e-01,8.4276445993e-02,5.2000000000e-01,2.1321045296e-02,1.6347588850e-01,-1.6556376307e-03,1.5669212544e-01,-1.6933811847e-01,4.6341324042e-02,-6.3012752613e-03,6.6912891986e-02,4.2998536585e-01,-1.4097560976e-02,1.6979651568e-03,1.1816829268e-02,4.3239860627e-01
-5.8792682927e-01,9.9146341463e-03,1.0600000000e+00,4.2248682606e-03,7.3004922758e-03,8.6308010823e-04,9.9996405355e-01,0.0000000000e+00,4.4059233449e-03,2.2787923345e-02,1.4869942160e-01,6.1438815331e-02,5.2000000000e-01,-9.8179790941e-03,1.0107489895e-01,6.5866871080e-02,1.7174843206e-01,-9.9352738676e-02,4.0604599303e-02,6.6388585366e-02,4.1825993031e-02,3.8172682927e-01,3.6165505226e-02,7.2897825784e-02,-7.6221951220e-03,4.0920627178e-01
-6.0700000000e-01,-3.4800000000e-02,1.0400000000e+00,-1.3043872631e-02,2.1001117321e-04,1.9227967216e-03,9.9991305429e-01,0.0000000000e+00,-4.8220418118e-02,1.1277018815e-01,1.0153018815e-01,7.2749059233e-02,5.0950104530e-01,-3.6831637631e-02,3.5321379791e-02,1.3619802091e-01,1.8853128920e-01,-2.5334550523e-02,2.9155470383e-02,1.2177614634e-01,8.0968641115e-04,4.0428850174e-01,8.5245087108e-02,1.2944465505e-01,-4.0481902439e-02,4.3390034843e-01
-6.1636585366e-01,-4.8378048780e-02,1.0400000000e+00,-2.7252195203e-02,-7.7193061942e-03,5.5488221919e-04,9.9959863059e-01,0.0000000000e+00,-1.1077783972e-01,2.0592862021e-01,-2.1092216028e-02,1.0541240418e-01,4.5589337979e-01,-6.8377979094e-02,-3.5800139373e-03,1.3619512195e-01,1.7726968641e-01,2.3442452962e-02,3.5102787456e-02,1.3668857143e-01,-5.3449477352e-02,4.6714355401e-01,1.1028585366e-01,1.4122459930e-01,-8.5476167247e-02,4.3860766551e-01
-6.3248780488e-01,-5.3343902439e-02,1.0480487805e+00,-2.7276019586e-02,-5.6081943461e-03,4.1977004124e-03,9.9960339446e-01,0.0000000000e+00,-1.3776041812e-01,2.0015261324e-01,-4.9482439024e-03,1.0520529617e-01,5.0234703833e-01,-9.1128013937e-02,-4.3558411150e-02,9.9440696864e-02,1.3166571429e-01,4.9589003484e-02,5.1527317073e-02,1.0689358885e-01,-6.1199972125e-02,4.5201602787e-01,1.1442794425e-01,1.0671686411e-01,-9.2105296167e-02,4.1742508711e-01
-6.4500000000e-01,-4.0700000000e-02,1.0500000000e+00,-2.1542091609e-02,1.8644505003e-03,2.8212152790e-03,9.9976222316e-01,0.0000000000e+00,-1.2557372822e-01,1.9523414634e-01,-1.0151972125e-02,9.7559233449e-02,5.2000000000e-01,-9.9931986063e-02,-1.0228189547e-01,2.0907149826e-01,4.2791358885e-02,7.3372278746e-02,6.5271219512e-02,3.7544111498e-02,-3.9547080139e-02,4.2890801394e-01,1.0146062718e-01,3.2682020906e-02,-6.7893867596e-02,3.8879303136e-01
-6.6004878049e-01,-9.4707317073e-03,1.0400000000e+00,-1.0530478755e-02,3.8286858689e-03,2.7035121877e-03,9.9993356840e-01,0.0000000000e+00,-8.6537212544e-02,2.0463484321e-01,-7.0743205575e-03,7.5019303136e-02,5.2000000000e-01,-7.1745365854e-02,-5.1652334495e-02,2.2262125436e-01,-1.8404738676e-02,7.4594773519e-02,7.7284599303e-02,-4.7724529617e-02,2.4890871080e-03,4.1034634146e-01,7.2912473868e-02,-5.4487317073e-02,-2.1314773519e-02,4.0096236934e-01
-6.8500000000e-01,2.8500000000e-02,1.0300000000e+00,5.0110745610e-03,-3.3992231273e-04,1.1701190413e-03,9.9998670211e-01,0.0000000000e+00,-3.4702857143e-02,2.1296571429e-01,-4.9757839721e-03,9.4773728223e-02,5.2000000000e-01,-2.3902996516e-02,7.9637491289e-02,1.1783241812e-01,-6.2726132404e-03,6.5660278746e-02,8.6977351916e-02,-1.1217895470e-01,5.5052153310e-02,4.4560557491e-01,3.7645540070e-02,-1.1769414634e-01,3.1857212544e-02,4.6796724739e-01
-7.0595121951e-01,5.6400000000e-02,1.0375609756e+00,2.1659177515e-02,-4.3177087781e-03,2.0820583846e-03,9.9975392095e-01,0.0000000000e+00,1.8898536585e-02,1.5636961672e-01,4.3357665505e-02,1.0117686411e-01,5.2000000000e-01,1.6720278746e-02,1.8701567944e-01,-3.3189533101e-02,5.9848222997e-02,4.4282118467e-02,9.2442578397e-02,-8.4368362369e-02,7.5966229965e-02,4.7120975610e-01,1.5623372822e-02,-8.7893128920e-02,4.5764320557e-02,4.9213519164e-01
-7.2268292683e-01,6.4558536585e-02,1.0343902439e+00,2.6834536458e-02,3.4421849090e-04,-2.7164021722e-04,9.9963979281e-01,0.0000000000e+00,6.0491707317e-02,7.6905644599e-02,8.3066794425e-02,9.5288919861e-02,5.2000000000e-01,2.3024181185e-02,1.7743275261e-01,-5.7707735192e-03,1.0515358885e-01,1.7048111498e-02,9.6480348432e-02,-4.0856864111e-02,8.1428432056e-02,4.7563554007e-01,-1.5758954704e-03,-4.2856891986e-02,3.9885365854e-02,4.6053170732e-01
-7.3095121951e-01,5.2343902439e-02,1.0500000000e+00,2.1348486561e-02,6.2962915972e-03,-4.8169861345e-04,9.9975215269e-01,0.0000000000e+00,3.7992473868e-02,6.3270801394e-02,9.5620627178e-02,6.1517909408e-02,5.2000000000e-01,1.9717770035e-03,1.3946606272e-01,2.1904278746e-02,1.1304466899e-01,4.3492641115e-02,8.2130034843e-02,2.8571428571e-02,4.4548641115e-02,4.3264878049e-01,2.9371665505e-02,2.5133770035e-02,4.4929616725e-03,4.1686271777e-01
-7.4682926829e-01,1.3665853659e-02,1.0500000000e+00,9.0268234248e-03,5.1208671375e-03,-8.2857721074e-04,9.9994580185e-01,0.0000000000e+00,-2.2802578397e-02,1.2066383275e-01,6.5994216028e-02,6.2662648084e-02,5.2000000000e-01,-2.5427804878e-02,1.1009528920e-01,3.6333547038e-02,1.1960069686e-01,9.0589923345e-02,5.9845156794e-02,8.4592125436e-02,4.3424390244e-03,4.0696655052e-01,7.6550376307e-02,7.9141505226e-02,-2.7696097561e-02,4.0674076655e-01
-7.5834146341e-01,-1.5958536585e-02,1.0400000000e+00,-7.7135234533e-03,-6.4387899450e-04,-1.9295525983e-03,9.9996818140e-01,0.0000000000e+00,-8.9857839721e-02,1.8805700348e-01,1.1781066202e-02,7.7019512195e-02,4.7170034843e-01,-6.3860209059e-02,5.9288041812e-02,5.3702313589e-02,1.4329679443e-01,1.2263800697e-01,3.5338048780e-02,1.0489470383e-01,-4.3579233449e-02,4.2089059233e-01,1.0605194425e-01,9.9822480836e-02,-6.9134912892e-02,4.2496027875e-01
-7.7356097561e-01,-4.1202439024e-02,1.0400000000e+00,-1.9820623353e-02,-5.0356904430e-03,7.9682209539e-04,9.9979055296e-01,0.0000000000e+00,-1.2634634146e-01,2.0724195122e-01,-9.7471358885e-03,8.2596445993e-02,5.2000000000e-01,-9.0888362369e-02,-5.1668710801e-03,8.8012766551e-02,1.2813944251e-01,1.1397909408e-01,2.9541533101e-02,4.1588292683e-02,-4.6299303136e-02,4.2300627178e-01,1.0096278746e-01,4.1171637631e-02,-6.8693240418e-02,4.4295331010e-01
-7.9070731707e-01,-3.8139024390e-02,1.0446341463e+00,-2.0190930812e-02,2.3047282721e-03,-2.5598254660e-03,9.9979020891e-01,0.0000000000e+00,-1.3190850174e-01,2.0716376307e-01,-1.3691351916e-02,8.9991358885e-02,5.2000000000e-01,-1.2027176307e-01,-6.2255094077e-02,1.4460425087e-01,8.2976097561e-02,1.2585714286e-01,3.1866550523e-02,-9.7787456446e-03,-5.7262926829e-02,4.0034216028e-01,1.0900550523e-01,-4.7393031359e-03,-7.3953101045e-02,4.0247247387e-01
-8.0100000000e-01,-2.1400000000e-02,1.0500000000e+00,-9.3955157760e-03,7.2023920430e-03,-1.2597513844e-03,9.9992912892e-01,0.0000000000e+00,-9.6443024390e-02,1.9872334495e-01,6.0677073171e-03,8.3094982578e-02,5.2000000000e-01,-1.0204827875e-01,-1.8011609756e-02,1.3377832753e-01,3.8743693380e-02,9.6463972125e-02,6.6285993031e-02,-5.8842926829e-02,-2.9428083624e-02,3.7602578397e-01,1.0025456446e-01,-5.1710174216e-02,-3.9930662021e-02,3.6100696864e-01
-8.3151219512e-01,2.6682926829e-02,1.0346341463e+00,4.7405989930e-03,3.0479951132e-03,-9.3239186921e-04,9.9998368341e-01,0.0000000000e+00,-5.8119261324e-02,2.0414285714e-01,2.8787811847e-02,9.0756167247e-02,5.2000000000e-01,-4.5586745645e-02,8.7084947735e-02,7.6376236934e-02,3.9042160279e-02,6.2184864111e-02,1.0022459930e-01,-9.5351846690e-02,5.4519860627e-03,4.0214006969e-01,8.0364878049e-02,-8.8841533101e-02,-1.7366550523e-03,3.7458257840e-01
-8.5073170732e-01,5.1780487805e-02,1.0307317073e+00,2.0885343801e-02,-5.5356759159e-03,2.3558448480e-03,9.9976377645e-01,0.0000000000e+00,-1.1484348432e-02,1.8018794425e-01,6.0566675958e-02,1.0387616725e-01,5.2000000000e-01,2.7443289199e-02,1.7152236934e-01,2.2879944251e-02,5.9996933798e-02,2.2019707317e-02,1.2415024390e-01,-1.1660599303e-01,5.6850104530e-02,4.5058257840e-01,5.3723972125e-02,-1.1014564460e-01,4.7684320557e-02,4.4326620209e-01
-8.7226829268e-01,6.7765853659e-02,1.0360975610e+00,2.6637917777e-02,-6.9100260893e-03,-1.9267763216e-03,9.9961940778e-01,0.0000000000e+00,2.8235372822e-02,1.1346271777e-01,7.7881463415e-02,1.0849775610e-01,5.2000000000e-01,6.1911512195e-02,1.9308083624e-01,8.1117212544e-03,8.8712473868e-02,-1.9178397213e-04,1.3661393728e-01,-8.4259303136e-02,5.8456933798e-02,4.7386132404e-01,4.6051358885e-02,-7.6319867596e-02,4.4156794425e-02,4.3995749129e-01
-8.8800000000e-01,6.0300000000e-02,1.0500000000e+00,2.0846162043e-02,1.3470005775e-03,-4.9089951333e-04,9.9978166723e-01,0.0000000000e+00,5.3221644599e-02,2.3194076655e-02,1.9538578397e-01,6.6391344948e-02,5.2000000000e-01,5.8874195122e-02,1.6567874564e-01,6.3929059233e-03,1.1743783972e-01,-5.9257560976e-03,1.4401742160e-01,-4.2967456446e-02,6.5124599303e-02,4.0848710801e-01,5.3031010453e-02,-3.2707637631e-02,4.3000209059e-02,4.2450662021e-01
-8.9409756098e-01,3.8746341463e-02,1.0500000000e+00,6.9991154942e-03,3.9718227121e-03,3.7481358522e-04,9.9996754773e-01,0.0000000000e+00,1.3034425087e-02,4.0714982578e-02,2.1207470383e-01,3.3882216028e-02,5.2000000000e-01,2.7737296167e-02,1.3499602787e-01,2.6752348432e-02,1.1288766551e-01,4.0600689895e-02,1.2295839721e-01,2.0070104530e-02,3.3127177700e-02,3.5261672474e-01,9.0605296167e-02,2.7596648084e-02,1.0785574913e-02,3.9377003484e-01
-9.1300000000e-01,-7.8100000000e-03,1.0300000000e+00,-7.1093485790e-03,-1.2551984129e-03,1.8816390845e-03,9.9997217015e-01,0.0000000000e+00,-5.9074285714e-02,1.4013554007e-01,1.0998550523e-01,4.7787442509e-02,5.2000000000e-01,-1.0205177700e-02,1.0744648084e-01,4.9366703833e-02,1.2915275261e-01,8.7407498258e-02,8.3854703833e-02,7.6924390244e-02,-2.0651149826e-02,3.8553588850e-01,1.1827916376e-01,8.1475567944e-02,-4.1100000000e-02,4.1473031359e-01
-9.2353658537e-01,-2.7500000000e-02,1.0375609756e+00,-1.9882825978e-02,-7.6372300218e-03,8.6207751588e-04,9.9977277557e-01,0.0000000000e+00,-1.1068731707e-01,2.2730926829e-01,-3.9613700348e-02,7.5059567944e-02,5.2000000000e-01,-4.9844027875e-02,6.3317770035e-02,6.3521533101e-02,1.3317386760e-01,9.6707254355e-02,5.2314843206e-02,8.8019512195e-02,-7.8982717770e-02,4.6305923345e-01,1.1298069686e-01,9.6969958188e-02,-9.2430383275e-02,4.1979094077e-01
-9.3875609756e-01,-3.4570731707e-02,1.0370731707e+00,-2.1724361008e-02,-4.4055427642e-03,4.2691971613e-03,9.9974517618e-01,0.0000000000e+00,-1.2140278746e-01,2.2520836237e-01,-3.3333909408e-02,7.9555400697e-02,5.2000000000e-01,-7.9876536585e-02,-1.8722369338e-02,9.4929756098e-02,1.1894522648e-01,8.4710731707e-02,4.0769407666e-02,6.4417979094e-02,-9.4282439024e-02,4.6387456446e-01,9.4516167247e-02,8.4108989547e-02,-1.0309191638e-01,4.0358536585e-01
-9.5100000000e-01,-2.3900000000e-02,1.0500000000e+00,-1.6595961187e-02,4.7981219461e-03,4.4535642828e-03,9.9984084627e-01,0.0000000000e+00,-9.3156027875e-02,1.8698466899e-01,8.2455749129e-04,6.8544738676e-02,5.2000000000e-01,-9.5227944251e-02,-5.8775331010e-02,1.3296752613e-01,5.2225296167e-02,7.6957909408e-02,4.2852613240e-02,-2.1986411150e-02,-6.8027735192e-02,4.2192961672e-01,8.1187177700e-02,6.1173519164e-03,-7.2983066202e-02,3.6586550523e-01
-9.6702439024e-01,2.2346341463e-03,1.0463414634e+00,-6.6633811596e-03,7.5108034192e-03,4.7322754884e-03,9.9993839448e-01,0.0000000000e+00,-6.2718954704e-02,1.7328013937e-01,2.9535846690e-02,5.5142857143e-02,5.2000000000e-01,-7.1951484321e-02,3.0875261324e-03,9.5225435540e-02,2.1295261324e-02,6.9088027875e-02,5.3657700348e-02,-1.2980655052e-01,-2.3217770035e-02,3.7145087108e-01,7.3665923345e-02,-9.7530243902e-02,-2.7431428571e-02,3.6402299652e-01
-9.8700000000e-01,3.1700000000e-02,1.0400000000e+00,7.8878196173e-03,3.8755702528e-03,2.2333321840e-03,9.9995888640e-01,0.0000000000e+00,-1.3788641115e-02,1.7879505226e-01,2.7247902439e-02,8.4729825784e-02,5.2000000000e-01,-3.2380536585e-02,1.1010780488e-01,1.7282787456e-02,2.8629686411e-02,4.0745240418e-02,6.7022717770e-02,-1.9974229965e-01,3.7759094077e-02,3.8882160279e-01,5.0906341463e-02,-1.6828243902e-01,3.0708710801e-02,4.3187177700e-01
-1.0100000000e+00,5.7741463415e-02,1.0400000000e+00,2.5031146907e-02,-6.0783872995e-04,1.1973579360e-03,9.9968576991e-01,0.0000000000e+00,2.6769198606e-02,1.3137031359e-01,4.6602160279e-02,1.0003749129e-01,5.2000000000e-01,-5.4788850174e-04,1.6505080139e-01,-2.7542996516e-02,5.6416236934e-02,-6.1505087108e-03,9.1132613240e-02,-1.4955149826e-01,5.9115958188e-02,4.2181114983e-01,3.4662648084e-02,-1.2871142857e-01,4.8032961672e-02,4.5450034843e-01
-1.0297560976e+00,6.1395121951e-02,1.0304878049e+00,2.7501061018e-02,1.8981616048e-03,-1.1676051655e-03,9.9961929019e-01,0.0000000000e+00,6.8939512195e-02,3.6681463415e-02,1.0881867596e-01,9.1907526132e-02,5.2000000000e-01,1.0119742160e-02,1.6643205575e-01,-2.4317979094e-02,7.1275191638e-02,-4.3708975610e-02,1.2006285714e-01,-9.5890731707e-02,7.1160278746e-02,4.1613937282e-01,2.3826620209e-02,-8.4909895470e-02,5.5225017422e-02,4.2860696864e-01
-1.0351219512e+00,4.7534146341e-02,1.0500000000e+00,1.5432748574e-02,3.0299134575e-03,3.4347808399e-04,9.9987625830e-01,0.0000000000e+00,3.6799790941e-02,3.3399581882e-02,1.2147902439e-01,5.8424181185e-02,5.2000000000e-01,1.5430369338e-02,1.5133588850e-01,1.1456445993e-03,8.3501393728e-02,-1.0186954704e-02,1.1541958188e-01,-7.5623693380e-03,2.8941951220e-02,3.8311149826e-01,5.7956655052e-02,-5.6128222997e-03,1.2634912892e-02,3.9240905923e-01
-1.0504878049e+00,4.2651219512e-03,1.0490243902e+00,-1.9450649785e-03,-2.3518002843e-03,2.3502190198e-03,9.9999258109e-01,0.0000000000e+00,-2.7990592334e-02,1.2562641115e-01,6.8123275261e-02,6.2094773519e-02,5.2000000000e-01,7.7411916376e-03,1.4763756098e-01,2.8197770035e-02,1.0508648084e-01,3.9448432056e-02,8.9173170732e-02,6.6863484321e-02,-1.3279581882e-02,3.9465574913e-01,9.4087665505e-02,6.2326829268e-02,-2.9684320557e-02,4.1968362369e-01
-1.0600000000e+00,-2.4695121951e-02,1.0300000000e+00,-1.7992687328e-02,-8.1621642305e-03,1.4932937443e-03,9.9980368691e-01,0.0000000000e+00,-9.8894703833e-02,2.1118327526e-01,-8.0459930314e-04,7.2647247387e-02,5.2000000000e-01,-3.6760975610e-02,1.0133574913e-01,5.3325435540e-02,1.3488348432e-01,7.4897142857e-02,5.8907874564e-02,1.1053399303e-01,-6.7207665505e-02,4.4825435540e-01,1.1741554007e-01,1.0183168641e-01,-8.3084947735e-02,4.5562926829e-01
-1.0712195122e+00,-4.5890243902e-02,1.0312195122e+00,-2.5724367915e-02,-1.0019863117e-02,4.6374032620e-03,9.9960810007e-01,0.0000000000e+00,-1.3438278746e-01,2.3091637631e-01,-2.0910905923e-02,7.8081602787e-02,5.2000000000e-01,-7.8922020906e-02,1.7921254355e-02,7.5689547038e-02,1.2017714286e-01,6.6478675958e-02,5.0386411150e-02,6.4053393728e-02,-6.8646132404e-02,4.4989965157e-01,1.1811149826e-01,5.8785519164e-02,-8.2573310105e-02,4.5808432056e-01
-1.0900000000e+00,-3.8985365854e-02,1.0431707317e+00,-2.3054529131e-02,-1.9861993419e-03,-2.8353577701e-03,9.9972821529e-01,0.0000000000e+00,-1.3886703833e-01,2.2595400697e-01,-2.5961393728e-02,8.3730662021e-02,5.2000000000e-01,-1.0797637631e-01,-7.2880209059e-02,1.6313073171e-01,6.4643128920e-02,8.0033379791e-02,4.8011707317e-02,2.3703777003e-02,-6.7704668990e-02,4.2493937282e-01,1.2718278746e-01,2.0803881533e-02,-7.9077212544e-02,4.1521951220e-01
-1.1019512195e+00,-1.8808292683e-02,1.0400000000e+00,-9.1150805716e-03,3.1234022832e-03,-2.7426284596e-03,9.9994981757e-01,0.0000000000e+00,-1.0177386760e-01,2.1064250871e-01,5.9361324042e-03,7.8512891986e-02,5.2000000000e-01,-9.0871393728e-02,-3.6592752613e-02,1.6713337979e-01,4.3430243902e-03,4.6589825784e-02,7.4703832753e-02,-3.9389114983e-02,-2.7314982578e-02,3.8708780488e-01,1.2156919861e-01,-4.3353853659e-02,-3.6054146341e-02,3.7503902439e-01
-1.1346341463e+00,3.1582926829e-02,1.0326829268e+00,6.8501834060e-03,4.9550717531e-04,-2.9720406900e-03,9.9997199782e-01,0.0000000000e+00,-5.3173031359e-02,2.1402299652e-01,2.8311498258e-02,9.6436585366e-02,5.2000000000e-01,-4.6925686411e-02,7.9145993031e-02,8.3754843206e-02,-3.7312961672e-03,5.9109407666e-03,9.9863414634e-02,-9.3748348432e-02,2.2970940767e-02,4.0745156794e-01,1.0042376307e-01,-9.8336118467e-02,1.3397421603e-02,4.0474494774e-01
-1.1526829268e+00,5.6763414634e-02,1.0300000000e+00,2.4258134001e-02,-4.9122007194e-03,3.2606817452e-03,9.9968834202e-01,0.0000000000e+00,4.7317073171e-05,1.9759783972e-01,3.6071881533e-02,1.1156766551e-01,5.2000000000e-01,4.5226480835e-06,1.7880006969e-01,-1.9242369338e-02,8.8506202091e-03,-5.0449268293e-02,1.1688097561e-01,-1.2187690592e-01,7.8425923345e-02,4.4519442509e-01,7.5192543554e-02,-1.1916473868e-01,6.6842717770e-02,4.7120627178e-01
-1.1680487805e+00,7.3626829268e-02,1.0380487805e+00,2.8995683144e-02,-4.7385103273e-03,-1.8670652499e-03,9.9956656154e-01,0.0000000000e+00,4.5946202091e-02,1.3684167247e-01,3.5534982578e-02,9.4559651568e-02,5.2000000000e-01,1.5646369338e-02,1.8489331010e-01,-2.4813170732e-02,2.4287379791e-02,-7.5550104530e-02,1.2704250871e-01,-9.9507609756e-02,8.6825435540e-02,4.5500348432e-01,6.8424599303e-02,-8.5037142857e-02,7.3620557491e-02,4.6440209059e-01
-1.1800000000e+00,6.9400000000e-02,1.0500000000e+00,2.0550316574e-02,3.3313709734e-04,-7.5637831532e-04,9.9978847833e-01,0.0000000000e+00,6.0218327526e-02,4.4922857143e-02,1.8451142857e-01,5.2144181185e-02,5.2000000000e-01,2.5119226481e-02,1.5674703833e-01,-5.8250174216e-03,3.0323902439e-02,-8.7146808362e-02,1.4082648084e-01,-6.2621547038e-02,8.7234982578e-02,3.9003902439e-01,7.5494425087e-02,-3.7317770035e-02,6.7862508711e-02,4.4393310105e-01
-1.1900000000e+00,4.9307317073e-02,1.0400000000e+00,5.1042064686e-03,-5.8837866020e-04,-4.1684600468e-04,9.9998671347e-01,0.0000000000e+00,6.7682229965e-03,5.9870243902e-02,2.2426606272e-01,4.2712613240e-02,5.2000000000e-01,3.1015149826e-02,1.4550648084e-01,2.9629337979e-02,1.9005435540e-02,-5.1006299652e-02,1.3400271777e-01,5.6132264808e-03,4.2396794425e-02,3.4612891986e-01,1.0637770035e-01,2.9910871080e-02,2.0717839721e-02,4.0638536585e-01
-1.2100000000e+00,6.4500000000e-03,1.0300000000e+00,-9.9194453117e-03,-6.6524023466e-03,7.5252867203e-04,9.9992838936e-01,0.0000000000e+00,-7.9720418118e-02,1.5937233449e-01,1.1671763066e-01,7.5711010453e-02,5.2000000000e-01,1.1101184669e-02,1.4521149826e-01,3.6763623693e-02,4.6932125436e-02,-4.5861254355e-03,1.0690703833e-01,6.8801728223e-02,-2.4811916376e-02,3.8873379791e-01,1.3086320557e-01,8.5882648084e-02,-4.3440557491e-02,4.2424390244e-01
-1.2200000000e+00,-1.8891707317e-02,1.0395121951e+00,-2.2547187453e-02,-1.2061895282e-02,5.7343318218e-04,9.9967284958e-01,0.0000000000e+00,-1.4297526132e-01,2.4332501742e-01,-5.3860278746e-02,9.5066132404e-02,5.2000000000e-01,-3.3849059233e-02,8.1392404181e-02,5.6230522648e-02,6.5302264808e-02,3.3600738676e-02,7.9680069686e-02,7.6078174216e-02,-7.7219860627e-02,4.5175888502e-01,1.3998675958e-01,8.2061379791e-02,-8.6660627178e-02,4.2899512195e-01
-1.2400000000e+00,-2.9278048780e-02,1.0351219512e+00,-2.6883400156e-02,-9.1963257626e-03,3.6818546266e-03,9.9958949291e-01,0.0000000000e+00,-1.6618445993e-01,2.3961393728e-01,-4.2011707317e-02,9.5895400697e-02,5.2000000000e-01,-6.6151567944e-02,-3.1856794425e-02,9.5302787456e-02,6.2674634146e-02,5.5622445993e-02,6.6335470383e-02,4.3144250871e-02,-7.3955400697e-02,4.4652961672e-01,1.3614320557e-01,4.4183958188e-02,-8.1086829268e-02,4.4668919861e-01
-1.2502439024e+00,-2.1510243902e-02,1.0500000000e+00,-1.9358371775e-02,-2.5415760285e-04,4.3422371299e-03,9.9980314754e-01,0.0000000000e+00,-1.4085512195e-01,2.1188641115e-01,-1.0104181185e-02,8.8079581882e-02,5.2000000000e-01,-7.5782299652e-02,-9.1366202091e-02,1.7608156098e-01,9.3552125436e-03,4.2277017422e-02,8.4213170732e-02,-5.8606271777e-03,-4.1675888502e-02,4.1389407666e-01,1.2697700348e-01,-8.9482369338e-03,-4.6105574913e-02,4.1445017422e-01
-1.2756097561e+00,1.5490243902e-02,1.0400000000e+00,-4.6206403317e-03,2.5240727378e-03,4.6102328156e-03,9.9997551195e-01,0.0000000000e+00,-1.0853581882e-01,2.0633797909e-01,1.8643693380e-02,8.3187108014e-02,5.2000000000e-01,-5.3681533101e-02,-1.3136794425e-02,1.5535870383e-01,-1.7529770035e-02,1.1554383275e-02,1.1712055749e-01,-4.7295609756e-02,-6.7616724739e-03,4.0061463415e-01,1.1581449477e-01,-5.4184404181e-02,-9.6454355401e-03,3.9672682927e-01
-1.2919512195e+00,4.5495121951e-02,1.0300000000e+00,1.1793815403e-02,-1.5166192437e-03,2.3978682174e-03,9.9992642530e-01,0.0000000000e+00,-5.5018675958e-02,2.2318675958e-01,2.6612891986e-02,9.7991491289e-02,5.2000000000e-01,-7.1118466899e-03,1.1341149826e-01,6.4064278746e-02,-3.8640905923e-03,-1.9170146341e-02,1.3512912892e-01,-9.2371219512e-02,4.5377421603e-02,4.2455052265e-01,8.7963763066e-02,-9.6168864111e-02,4.3982090592e-02,4.4320209059e-01
-1.3163414634e+00,7.0795121951e-02,1.0300000000e+00,2.1092756153e-02,-6.8995438016e-03,3.6530866593e-03,9.9974704145e-01,0.0000000000e+00,8.9602787456e-04,2.0884459930e-01,5.3286620209e-02,7.1937435540e-02,5.2000000000e-01,4.5036864111e-02,1.8591665505e-01,-1.8710425087e-02,4.0922355401e-02,-3.9183804878e-02,1.1524334495e-01,-1.0509986063e-01,7.3295052265e-02,4.1777003484e-01,6.3731567944e-02,-9.4148013937e-02,6.9914982578e-02,4.8007038328e-01
-1.3417073171e+00,7.1275609756e-02,1.0251219512e+00,1.9694576700e-02,-5.0849025686e-03,1.9601297883e-03,9.9979119085e-01,0.0000000000e+00,4.4596167247e-02,1.8297491289e-01,3.4081658537e-02,3.4562487805e-02,5.2000000000e-01,6.9787783972e-02,1.8685365854e-01,-2.2863526132e-02,7.8497686411e-02,-5.8677463415e-02,9.1397282230e-02,-1.0648592334e-01,8.2385087108e-02,3.9885993031e-01,4.3740766551e-02,-8.1994634146e-02,7.6352473868e-02,4.7670243902e-01
-1.3500000000e+00,5.5119512195e-02,1.0429268293e+00,1.3160349523e-02,-3.0566234069e-04,4.2728687768e-03,9.9990422260e-01,0.0000000000e+00,2.0897770035e-02,1.6736306620e-01,1.6334773519e-02,6.5050313589e-03,5.2000000000e-01,4.8270188153e-02,1.6283484321e-01,-1.8432473868e-02,1.1355832753e-01,-5.3787777003e-02,6.7707874564e-02,-3.0731846690e-02,3.9927038328e-02,3.7823832753e-01,5.4194982578e-02,-6.7181881533e-03,2.8889616725e-02,4.1365365854e-01
-1.3700000000e+00,1.2304878049e-02,1.0375609756e+00,2.6508118460e-03,1.3347450364e-03,5.1172146900e-03,9.9998250273e-01,0.0000000000e+00,-2.5856027875e-02,1.8246689895e-01,-1.7980418118e-02,3.0336773519e-02,5.2000000000e-01,1.1628341463e-02,1.6272682927e-01,-4.3782090592e-02,1.7171303136e-01,-3.1886710801e-02,4.6366689895e-02,5.2689407666e-02,-2.1592334495e-03,4.0612264808e-01,6.5242787456e-02,6.9463414634e-02,-1.7484459930e-02,3.9787526132e-01
-1.3778048780e+00,-1.3175853659e-02,1.0300000000e+00,-9.2302086853e-03,3.5596561804e-03,6.0516324432e-03,9.9993275266e-01,0.0000000000e+00,-5.0262508711e-02,1.7771149826e-01,-1.5591498258e-02,4.6376083624e-02,5.2000000000e-01,-4.4314550523e-02,2.4029477352e-01,-2.6835630662e-01,2.9494675958e-01,-1.3736989547e-02,2.2832891986e-02,1.1400543554e-01,-3.1485993031e-02,4.2960209059e-01,7.0031707317e-02,1.2520390244e-01,-5.5315679443e-02,3.8924599303e-01
-1.4031707317e+00,-2.9921951220e-02,1.0300000000e+00,-1.3104175199e-02,8.2511463181e-03,-1.1600530740e-02,9.9981279591e-01,0.0000000000e+00,-5.9583832753e-02,2.1528432056e-01,-1.0566634146e-01,5.6923609756e-02,5.2000000000e-01,-8.8663923345e-02,3.4829756098e-01,-5.9796599303e-01,4.1854076655e-01,1.9191128920e-02,2.0800278746e-02,1.1019623693e-01,-1.8144181185e-02,3.9666968641e-01,7.3648292683e-02,1.2076209059e-01,-5.2144111498e-02,3.3491637631e-01
-1.4285365854e+00,-2.4582926829e-02,1.0043902439e+00,-6.8307013816e-03,8.4333664916e-03,-7.2256975163e-03,9.9991500096e-01,0.0000000000e+00,-7.8319651568e-02,3.3128710801e-01,-3.2786841812e-01,6.2285139373e-02,5.1452473868e-01,-9.9283414634e-02,4.3000000000e-01,-9.0924766551e-01,5.7907944251e-01,-1.4158662021e-02,3.3192682927e-02,1.3255783972e-01,-2.5582508711e-02,4.0489059233e-01,8.1305853659e-02,1.4613735192e-01,-6.3664808362e-02,2.7892264808e-01
-1.4478048780e+00,-1.5568292683e-02,9.3602439024e-01,9.0514348907e-04,1.9712118281e-04,1.8851688458e-03,9.9999779400e-01,0.0000000000e+00,-8.5532822300e-02,4.3000000000e-01,-7.5414982578e-01,1.5585853659e-02,3.0792278746e-01,-6.9862160279e-02,4.3000000000e-01,-1.2374432056e+00,8.1204878049e-01,-8.1592034843e-02,6.7843414634e-02,1.5035052265e-01,-1.5143832753e-02,3.7413937282e-01,8.5372334495e-02,1.5990320557e-01,-4.1997909408e-02,2.5378188153e-01
-1.4792682927e+00,-9.6029268293e-04,7.1853658537e-01,4.3823505408e-03,-5.9970826705e-03,7.2456315967e-03,9.9994616396e-01,0.0000000000e+00,-7.2613519164e-02,4.3000000000e-01,-1.3408418118e+00,6.8213850174e-02,1.3532696864e-01,-2.0855958188e-02,4.3000000000e-01,-1.7060871080e+00,9.5605993031e-01,-1.4840383275e-01,5.8053170732e-02,1.5219790941e-01,4.3753519164e-02,5.0655052265e-01,2.1355679443e-02,1.4449191638e-01,2.1291080139e-02,5.0125226481e-01
-1.4900000000e+00,3.4741463415e-03,5.1502439024e-01,4.9125163256e-03,-2.1733134532e-03,-1.2657268836e-02,9.9990546425e-01,0.0000000000e+00,-4.4931637631e-02,4.3000000000e-01,-2.2644794425e+00,2.3978320557e-01,7.4016167247e-02,-6.4300905923e-02,4.3000000000e-01,-2.3685435540e+00,8.6522020906e-01,-1.9503972125e-01,7.8629268293e-03,1.2742090592e-01,1.3812529617e-01,7.5166550523e-01,-9.1785087108e-02,9.3679372822e-02,1.1548724739e-01,8.9979930314e-01
-1.5100000000e+00,1.1600000000e-02,5.3600000000e-02,-2.2913131010e-04,1.8758165011e-03,2.8409770710e-03,9.9999417881e-01,0.0000000000e+00,-3.1194529617e-02,4.3000000000e-01,-3.1400000000e+00,5.1861517422e-01,-2.2266501742e-01,-3.3788696864e-01,4.3000000000e-01,-3.1400000000e+00,5.4755470383e-01,-4.0579494774e-01,-5.9720000000e-02,1.3773623693e-01,1.3221867596e-01,1.1989006969e+00,-2.0333665505e-01,8.2994181185e-02,1.2783916376e-01,1.2881965157e+00
