step,time_sec,q_0,q_1,q_2,q_3,q_4,q_5,q_6,q_7,q_8,q_9,q_10,q_11,q_12,q_13,q_14,q_15,q_16,q_17,q_18,q_19,q_20,q_21,q_22,q_23,q_24,q_25
1,0.02,0,0,1.0432,1,0,0,0,0,0,0,0,0,0,0,0,0,0,0,0,0,0,0,0,0,0,0
2,0.04,-0.00160918,0.000286703,1.04977,0.999989,-0.000359349,-0.00442901,0.00138486,0.000198047,-0.000487682,-0.00261671,0.0221677,-0.00417437,-0.0190794,0.00215227,-0.00286635,0.0189804,-0.00435003,0.00153276,-0.0143472,0.156943,-0.0123651,0.131376,0.0391163,-0.133812,-0.0827772,0.110692
3,0.06,-0.00395932,0.000212989,1.04579,0.999964,-6.22809e-05,-0.00826152,0.00199049,-0.00232348,-0.00128019,-0.00173494,0.0391833,-0.0139249,-0.036259,0.00276644,-0.0059609,0.0353561,-0.00864737,0.00416981,-0.0259023,0.289921,-0.022941,0.243304,0.0721173,-0.246879,-0.152876,0.204655
4,0.08,-0.00853873,-0.000118782,1.04384,0.999924,-0.000116972,-0.0115076,0.0044761,-0.00139045,-0.00122851,-0.00583673,0.0535996,-0.0226204,-0.0521449,0.00373798,-0.00936302,0.0486753,-0.0162033,0.00653962,-0.0369293,0.419399,-0.0329701,0.351867,0.104386,-0.357306,-0.221195,0.296284
5,0.1,-0.0134746,0.000895825,1.04324,0.999849,-0.00118645,-0.0158979,0.00694058,-0.00130393,-0.000635688,-0.00716657,0.0664855,-0.0307225,-0.0646147,0.00430117,-0.0102402,0.0600037,-0.0263084,0.0084928,-0.0465817,0.529281,-0.0418867,0.444762,0.131829,-0.450712,-0.279177,0.374213
6,0.12,-0.0180202,0.00336411,1.04302,0.999759,-0.00294689,-0.0201537,0.00816858,-0.000653027,0.000237517,-0.00968415,0.0817073,-0.0319944,-0.0782674,0.00429616,-0.0113176,0.0703433,-0.0361336,0.010318,-0.05553,0.636138,-0.0500446,0.534223,0.158664,-0.542093,-0.33569,0.449803
7,0.14,-0.0222968,0.00592971,1.04328,0.999679,-0.00413747,-0.0237411,0.00783757,-0.000771448,5.74758e-05,-0.0109922,0.0924558,-0.0388785,-0.0900179,0.00303129,-0.0120846,0.076974,-0.0490416,0.00982367,-0.0643035,0.727244,-0.0576276,0.611274,0.182015,-0.619584,-0.383842,0.514505
8,0.16,-0.0259579,0.00689041,1.04361,0.999598,-0.00495672,-0.0266897,0.00820727,0.000276119,0.00107584,-0.0128423,0.101762,-0.0470899,-0.101368,0.00264829,-0.0134307,0.0841875,-0.0587734,0.00935006,-0.0721398,0.81619,-0.0641004,0.685117,0.204936,-0.695657,-0.430809,0.577092
9,0.18,-0.029077,0.00665394,1.0439,0.999507,-0.00511716,-0.0294324,0.00970437,0.000970002,0.00200793,-0.0140204,0.109114,-0.0547673,-0.111182,0.0022282,-0.0134581,0.0905085,-0.0686075,0.010618,-0.0792652,0.891745,-0.0705756,0.749309,0.223656,-0.759707,-0.470643,0.630845
10,0.2,-0.0316673,0.0068173,1.04404,0.999421,-0.00547892,-0.0318332,0.010715,0.00194195,0.00294137,-0.0154639,0.116723,-0.061604,-0.120667,0.00176846,-0.0139449,0.0967165,-0.0771459,0.0112183,-0.0853175,0.965674,-0.0757683,0.810435,0.242511,-0.822925,-0.509544,0.682592
11,0.22,-0.0338393,0.0073281,1.04426,0.999335,-0.00600416,-0.0340555,0.0115712,0.00260344,0.0038124,-0.0158687,0.122822,-0.0683965,-0.129021,0.00135867,-0.0138141,0.102034,-0.0855057,0.0117341,-0.0915117,1.02816,-0.081273,0.863722,0.258066,-0.875893,-0.542559,0.727237
12,0.24,-0.0355554,0.00758073,1.04433,0.999257,-0.00635947,-0.0359553,0.0123742,0.00346672,0.00460152,-0.0168336,0.129237,-0.0741036,-0.13702,0.000852322,-0.0139908,0.107225,-0.0926736,0.0121172,-0.0964553,1.08947,-0.0854736,0.914251,0.273791,-0.928329,-0.574789,0.770015
13,0.26,-0.0369083,0.00783029,1.04447,0.999181,-0.00669917,-0.0376875,0.0131056,0.00407929,0.00532141,-0.0170106,0.134421,-0.0797434,-0.144083,0.000374549,-0.0135842,0.111578,-0.0999212,0.0125416,-0.101708,1.14115,-0.0901198,0.95848,0.286565,-0.972104,-0.602136,0.80708
14,0.28,-0.0378625,0.00812506,1.04449,0.999115,-0.00705102,-0.0391376,0.0137364,0.00485355,0.0060351,-0.0175825,0.139779,-0.0845616,-0.15083,-0.000105647,-0.0135687,0.115974,-0.105886,0.0127255,-0.105799,1.19214,-0.0935078,1.00026,0.299708,-1.01573,-0.628868,0.842437
15,0.3,-0.03849,0.00836622,1.04458,0.999053,-0.00735375,-0.0404138,0.0143344,0.00541455,0.00666741,-0.0175504,0.144101,-0.0893649,-0.156804,-0.000575286,-0.0130653,0.119599,-0.111995,0.0130086,-0.11025,1.23486,-0.0974106,1.03695,0.310199,-1.05192,-0.651526,0.873208
16,0.32,-0.0387553,0.00859409,1.04458,0.999003,-0.00764432,-0.0414092,0.0148196,0.00610975,0.00729439,-0.0179199,0.148566,-0.093385,-0.162485,-0.00102136,-0.0129594,0.123231,-0.117036,0.0130389,-0.113646,1.27704,-0.100203,1.07152,0.321122,-1.08802,-0.673646,0.902455
17,0.34,-0.0387011,0.00880928,1.04464,0.998958,-0.00790488,-0.0422594,0.0153274,0.00661768,0.0078514,-0.0177422,0.152159,-0.0974737,-0.167539,-0.00146882,-0.0123875,0.126248,-0.122207,0.0132606,-0.117405,1.31239,-0.10346,1.10195,0.32972,-1.11797,-0.692428,0.927993
18,0.36,-0.0383005,0.00899493,1.04461,0.998924,-0.00814397,-0.0428341,0.0157729,0.00723245,0.00840122,-0.017962,0.155859,-0.100851,-0.172322,-0.00188239,-0.0121891,0.129281,-0.126446,0.0133197,-0.120228,1.34717,-0.105786,1.13054,0.33871,-1.14776,-0.710696,0.952171
19,0.38,-0.0375774,0.00917047,1.04465,0.998898,-0.00835596,-0.0432446,0.0162319,0.00768812,0.00888729,-0.0177443,0.158811,-0.104328,-0.176602,-0.00229413,-0.0116115,0.131751,-0.130852,0.0135416,-0.123392,1.37641,-0.108496,1.15577,0.345737,-1.17254,-0.726267,0.973362
20,0.4,-0.0364997,0.00934767,1.04461,0.998883,-0.00856579,-0.0433989,0.0166007,0.00822211,0.00936908,-0.0178422,0.161877,-0.107189,-0.180647,-0.00266745,-0.0113633,0.134253,-0.134457,0.0135918,-0.125789,1.40558,-0.110376,1.17945,0.353233,-1.19755,-0.74144,0.993342
21,0.42,-0.0350847,0.00950969,1.04462,0.998877,-0.00874929,-0.043353,0.0169901,0.0086278,0.00979876,-0.0176272,0.164278,-0.110155,-0.184272,-0.00302304,-0.0108405,0.136245,-0.138209,0.0137699,-0.128458,1.42971,-0.11263,1.20037,0.358964,-1.21804,-0.754344,1.01092
22,0.44,-0.0332922,0.00965849,1.04457,0.998883,-0.00892684,-0.0430502,0.0173056,0.00909567,0.0102321,-0.0176912,0.166777,-0.112592,-0.187687,-0.00333047,-0.0106079,0.138274,-0.141281,0.0138096,-0.130508,1.45383,-0.114197,1.21995,0.365104,-1.23875,-0.766884,1.02744
23,0.46,-0.0311271,0.00980162,1.04457,0.998899,-0.00908148,-0.0425124,0.0176508,0.0094525,0.010614,-0.0175354,0.168687,-0.11513,-0.190763,-0.00361839,-0.0101736,0.139836,-0.1445,0.0139891,-0.132762,1.47375,-0.116068,1.23728,0.369755,-1.25571,-0.777578,1.04202
24,0.48,-0.0285417,0.00994147,1.0445,0.998926,-0.00923877,-0.0417126,0.0179255,0.00985302,0.0110077,-0.0176077,0.170689,-0.117212,-0.193658,-0.00385243,-0.00998786,0.141448,-0.14714,0.0140577,-0.13454,1.49384,-0.117359,1.25349,0.374782,-1.27301,-0.787962,1.05566
25,0.5,-0.025532,0.0100795,1.04448,0.998964,-0.00937875,-0.0406312,0.0182016,0.0101637,0.011357,-0.0175415,0.17217,-0.119395,-0.196274,-0.00405346,-0.00968568,0.142616,-0.149918,0.0141959,-0.13646,1.51025,-0.118911,1.26784,0.37854,-1.28705,-0.796823,1.06774
26,0.52,-0.0220395,0.0102147,1.04439,0.999013,-0.00952237,-0.0392685,0.0184309,0.010502,0.0117224,-0.0176719,0.17373,-0.121193,-0.198734,-0.00419918,-0.00958991,0.143837,-0.152215,0.0142888,-0.138025,1.52695,-0.11998,1.28124,0.382613,-1.30151,-0.805414,1.079
27,0.54,-0.0180489,0.0103585,1.04432,0.999074,-0.00966115,-0.0375754,0.0186101,0.0107691,0.0120558,-0.0177138,0.174838,-0.123079,-0.200966,-0.00429492,-0.00945344,0.144644,-0.154628,0.0143489,-0.139683,1.54045,-0.121267,1.29311,0.385629,-1.31314,-0.812754,1.08901
28,0.56,-0.013492,0.0105051,1.04418,0.999143,-0.00980835,-0.0355625,0.0187497,0.0110524,0.0124103,-0.0179313,0.176006,-0.124647,-0.203066,-0.00432933,-0.00950328,0.145494,-0.156646,0.0143999,-0.141089,1.55428,-0.122157,1.30418,0.38889,-1.3252,-0.819855,1.09829
29,0.58,-0.00833577,0.0106621,1.04405,0.999223,-0.00995534,-0.0331736,0.0188217,0.011277,0.0127412,-0.0180916,0.176797,-0.126278,-0.204979,-0.0043096,-0.00954493,0.145975,-0.15876,0.014395,-0.142543,1.56537,-0.123222,1.31399,0.391277,-1.33487,-0.825932,1.10658
30,0.6,-0.0025065,0.0108279,1.04383,0.999309,-0.0101171,-0.0303985,0.0188491,0.0115105,0.0130991,-0.0184303,0.177609,-0.127657,-0.206782,-0.00421384,-0.00978587,0.146471,-0.160551,0.0143963,-0.143832,1.57679,-0.123966,1.32311,0.393836,-1.34493,-0.831796,1.11423
31,0.62,0.00405641,0.0110066,1.04357,0.9994,-0.0102815,-0.0272105,0.0188029,0.0116925,0.0134396,-0.0187004,0.17814,-0.129071,-0.20843,-0.00407432,-0.0100088,0.146678,-0.162405,0.0143525,-0.145134,1.58593,-0.124842,1.3312,0.395686,-1.35304,-0.836828,1.12106
32,0.64,0.0114232,0.0112022,1.04321,0.999494,-0.0104743,-0.023522,0.018681,0.0118736,0.013819,-0.019212,0.178629,-0.130279,-0.209994,-0.00381821,-0.0105074,0.146815,-0.164013,0.0143057,-0.146321,1.59533,-0.125465,1.33871,0.397657,-1.36149,-0.841667,1.12735
33,0.66,0.0196806,0.0113986,1.04277,0.999585,-0.010668,-0.0193177,0.0185376,0.0120154,0.0142006,-0.0197353,0.178814,-0.131545,-0.211444,-0.00349235,-0.011034,0.146668,-0.165691,0.0143336,-0.147508,1.6027,-0.126204,1.34537,0.398978,-1.3682,-0.845815,1.133
34,0.68,0.0289299,0.0116101,1.04217,0.999667,-0.0108917,-0.0145747,0.0182844,0.0121614,0.0146234,-0.0204,0.179039,-0.132597,-0.212812,-0.0030725,-0.0117644,0.146521,-0.167119,0.0143238,-0.148671,1.61039,-0.126728,1.35154,0.400368,-1.37529,-0.8498,1.13815
35,0.7,0.0380308,0.0110968,1.04195,0.999732,-0.0104102,-0.00952855,0.0183538,0.0124179,0.0141044,-0.0211087,0.17811,-0.138429,-0.214149,-0.00280117,-0.0125482,0.145326,-0.169324,0.0147163,-0.14978,1.61661,-0.127303,1.35698,0.401206,-1.38119,-0.853225,1.14269
36,0.72,0.0456584,0.00874694,1.04202,0.999771,-0.00892721,-0.00451473,0.0189084,0.0122906,0.0131068,-0.0232572,0.176101,-0.142013,-0.215067,-0.002446,-0.0138928,0.144526,-0.170653,0.0158002,-0.15074,1.62226,-0.127807,1.36197,0.401752,-1.38601,-0.856296,1.14693
37,0.74,0.0517346,0.004264,1.04177,0.999759,-0.0072403,-0.00077106,0.0207293,0.0115127,0.0136855,-0.0251456,0.174412,-0.143557,-0.215411,-0.000639303,-0.0150311,0.146169,-0.169456,0.0183231,-0.151429,1.62791,-0.128235,1.36661,0.402122,-1.39089,-0.859101,1.15065
38,0.76,0.0562881,-0.0023065,1.04177,0.999712,-0.00488581,0.00139821,0.023452,0.0103246,0.0148124,-0.0266782,0.17445,-0.140945,-0.215916,0.00167214,-0.0142963,0.148665,-0.168464,0.0234213,-0.151591,1.63269,-0.128645,1.37085,0.402134,-1.39518,-0.861502,1.15382
39,0.78,0.0593419,-0.0107607,1.04188,0.999619,-0.00163178,0.0022338,0.0274628,0.0090533,0.0154336,-0.0282914,0.17549,-0.13425,-0.216177,0.00389688,-0.012592,0.152769,-0.165992,0.0300514,-0.151456,1.63727,-0.128976,1.37475,0.401871,-1.3986,-0.863582,1.15665
40,0.8,0.0609812,-0.021167,1.04189,0.999465,0.00245115,0.00166391,0.0325786,0.00729174,0.0159542,-0.0295565,0.177399,-0.124142,-0.215882,0.00615419,-0.0102357,0.15997,-0.160879,0.0383673,-0.15105,1.64238,-0.129251,1.37863,0.40144,-1.40162,-0.865516,1.15935
41,0.82,0.0614734,-0.0334725,1.04265,0.999245,0.0069,-0.00085858,0.0382252,0.00645409,0.0173808,-0.0298577,0.181252,-0.106589,-0.219209,0.00880766,-0.00581038,0.168959,-0.164176,0.0492245,-0.150256,1.64738,-0.129476,1.38232,0.400428,-1.40311,-0.867091,1.16183
42,0.84,0.0607638,-0.0475047,1.044,0.99899,0.0115549,-0.00480912,0.0431529,0.00551408,0.0205546,-0.0301305,0.187696,-0.0827667,-0.223148,0.0115679,0.00204304,0.174564,-0.171582,0.0629795,-0.148716,1.65262,-0.129649,1.38606,0.399772,-1.40542,-0.868585,1.16395
43,0.86,0.0589663,-0.0631065,1.04522,0.998671,0.016239,-0.00991173,0.0478889,0.0049865,0.0253347,-0.0298571,0.194448,-0.0554472,-0.227593,0.0157793,0.0101448,0.18248,-0.179148,0.0762844,-0.147207,1.65788,-0.129799,1.38966,0.399157,-1.40761,-0.870012,1.16595
44,0.88,0.0561706,-0.079557,1.04626,0.998342,0.020845,-0.0155072,0.0513644,0.00515557,0.0314604,-0.029805,0.201372,-0.0255894,-0.232639,0.0210404,0.0174718,0.190975,-0.185552,0.086232,-0.145943,1.66294,-0.129929,1.39294,0.399236,-1.40997,-0.871457,1.16791
45,0.9,0.0527939,-0.0959976,1.04696,0.99802,0.0253264,-0.0220365,0.0531821,0.00660007,0.0382427,-0.0281068,0.208633,0.00491241,-0.237185,0.0267541,0.0253076,0.200253,-0.191517,0.0906732,-0.145662,1.66747,-0.130045,1.3955,0.399562,-1.41258,-0.872828,1.16969
46,0.92,0.048958,-0.111921,1.04724,0.997696,0.0295594,-0.0290927,0.0536827,0.00839102,0.0454398,-0.0253444,0.216153,0.0347505,-0.239401,0.0323803,0.0331152,0.210633,-0.197553,0.0900365,-0.145363,1.67136,-0.130156,1.39777,0.401161,-1.41376,-0.874171,1.17174
47,0.94,0.0438438,-0.12612,1.04819,0.997431,0.0349114,-0.0337755,0.0526569,0.00693259,0.0470507,-0.0224862,0.214384,0.0205949,-0.238341,0.0346783,0.0365608,0.213102,-0.196027,0.0850127,-0.145435,1.67303,-0.130358,1.39968,0.403471,-1.41579,-0.875627,1.17366
48,0.96,0.0369323,-0.138191,1.04998,0.997166,0.0419756,-0.0352228,0.0515554,0.00773032,0.0435445,-0.0248655,0.209283,0.00651587,-0.236449,0.0320764,0.030983,0.211399,-0.188351,0.0771545,-0.146577,1.67614,-0.130458,1.40097,0.405004,-1.41657,-0.876787,1.17552
49,0.98,0.0287661,-0.148551,1.05204,0.99682,0.0501183,-0.0355027,0.0507779,0.0094678,0.0394459,-0.0284543,0.206731,-0.00181178,-0.234819,0.025545,0.0210858,0.208218,-0.177619,0.0703912,-0.147998,1.68035,-0.13042,1.40164,0.405576,-1.41577,-0.877445,1.17696
50,1,0.019679,-0.157609,1.05403,0.996358,0.0586783,-0.0356467,0.050575,0.0107087,0.0363994,-0.0300588,0.203634,-0.00805742,-0.234202,0.0166181,0.0092713,0.205268,-0.165655,0.0652745,-0.149164,1.6841,-0.130354,1.40207,0.405747,-1.41399,-0.87781,1.17814
